"species","habitat"
"Abbottina rivularis","freshwater"
"Ablennes hians","marine; brackish; reef-associated"
"Abramis brama","freshwater; brackish; benthopelagic"
"Abudefduf vaigiensis","marine; reef-associated"
"Abyssocottus korotneffi","freshwater"
"Acanthobrama marmid","freshwater; brackish"
"Acanthobrama microlepis","freshwater"
"Acanthobrama urmianus","freshwater"
"Acanthochaenus luetkenii","marine; benthopelagic"
"Acanthoclinus littoreus","marine"
"Acanthocobitis mooreh","freshwater"
"Acanthocybium solandri","marine"
"Acanthogobius flavimanus","marine; freshwater; brackish"
"Acanthopagrus arabicus","marine"
"Acanthopagrus australis","marine; brackish"
"Acanthopagrus berda","marine; freshwater; brackish"
"Acanthopagrus bifasciatus","marine; brackish; reef-associated"
"Acanthopagrus butcheri","marine; freshwater; brackish"
"Acanthopagrus latus","marine; freshwater; brackish"
"Acanthopagrus schlegelii","marine; brackish"
"Acanthurus auranticavus","marine; reef-associated"
"Acanthurus bahianus","marine; reef-associated"
"Acanthurus blochii","marine; reef-associated"
"Acanthurus chirurgus","marine; reef-associated"
"Acanthurus coeruleus","marine; reef-associated"
"Acanthurus dussumieri","marine; reef-associated"
"Acanthurus leucosternon","marine; reef-associated"
"Acanthurus lineatus","marine; reef-associated"
"Acanthurus mata","marine; reef-associated"
"Acanthurus nigricans","marine; reef-associated"
"Acanthurus nigricauda","marine; brackish; reef-associated"
"Acanthurus nigrofuscus","marine; reef-associated"
"Acanthurus olivaceus","marine; reef-associated"
"Acanthurus pyroferus","marine; reef-associated"
"Acanthurus triostegus","marine; reef-associated"
"Acanthurus xanthopterus","marine; reef-associated"
"Acestrorhynchus lacustris","freshwater"
"Achirus mazatlanus","marine; freshwater; brackish"
"Achoerodus gouldii","marine; reef-associated"
"Achondrostoma arcasii","freshwater"
"Acipenser baerii","freshwater; brackish"
"Acipenser brevirostrum","marine; freshwater; brackish"
"Acipenser fulvescens","freshwater; brackish"
"Acipenser gueldenstaedtii","marine; freshwater; brackish"
"Acipenser medirostris","marine; freshwater; brackish"
"Acipenser nudiventris","marine; freshwater; brackish"
"Acipenser oxyrinchus","marine; freshwater; brackish"
"Acipenser ruthenus","freshwater; brackish"
"Acipenser schrenckii","marine; freshwater; brackish"
"Acipenser stellatus","marine; freshwater; brackish"
"Acipenser sturio","marine; freshwater; brackish"
"Acipenser transmontanus","marine; freshwater; brackish"
"Acreichthys tomentosus","marine; reef-associated"
"Acyrtops beryllinus","marine"
"Aethotaxis mitopteryx mitopteryx","marine"
"Agamyxis albomaculatus","freshwater"
"Ageneiosus militaris","freshwater"
"Ageneiosus pardalis","freshwater"
"Ageneiosus ucayalensis","freshwater"
"Agonus cataphractus","marine"
"Albatrossia pectoralis","marine"
"Albula glossodonta","brackish; reef-associated"
"Albula vulpes","marine; brackish; reef-associated"
"Alburnoides bipunctatus","freshwater; brackish; benthopelagic"
"Alburnoides eichwaldii","freshwater"
"Alburnoides namaki","freshwater"
"Alburnoides qanati","freshwater; benthopelagic"
"Alburnus alburnus","freshwater; brackish; benthopelagic"
"Alburnus belvica","freshwater"
"Alburnus chalcoides","freshwater; brackish"
"Alburnus mossulensis","freshwater; brackish"
"Aldrichetta forsteri","marine; freshwater; brackish"
"Alectis indica","marine; brackish; reef-associated"
"Alepes djedaba","marine; reef-associated"
"Alepes kleinii","marine"
"Alepes melanoptera","marine; brackish"
"Alepocephalus bairdii","marine"
"Alepocephalus rostratus","marine"
"Alepocephalus tenebrosus","marine"
"Alestes baremoze","freshwater; benthopelagic"
"Alestes dentex","freshwater"
"Alestes macrophthalmus","freshwater"
"Allocareproctus jordani","marine"
"Allocyttus niger","marine"
"Alopias pelagicus","marine"
"Alopias superciliosus","marine"
"Alopias vulpinus","marine"
"Alosa alosa","marine; freshwater; brackish"
"Alosa braschnikowi","brackish"
"Alosa caspia caspia","marine; freshwater; brackish"
"Alosa fallax","marine; freshwater; brackish"
"Alosa immaculata","marine; freshwater; brackish"
"Alosa kessleri","marine; freshwater; brackish"
"Alosa macedonica","freshwater"
"Alosa mediocris","marine; freshwater; brackish"
"Alosa pseudoharengus","marine; freshwater; brackish"
"Alosa sapidissima","marine; freshwater; brackish"
"Alosa saposchnikowii","freshwater; brackish"
"Aluterus monoceros","marine; reef-associated"
"Amatitlania nigrofasciata","freshwater; benthopelagic"
"Ambassis agassizii","freshwater; benthopelagic"
"Ambassis gymnocephalus","marine; freshwater; brackish"
"Ambassis kopsii","marine; freshwater; brackish"
"Ambloplites constellatus","freshwater"
"Amblygaster sirm","marine; reef-associated"
"Amblyopsis rosae","freshwater"
"Amblyopsis spelaea","freshwater"
"Amblypharyngodon melettinus","freshwater"
"Amblyraja radiata","marine; brackish"
"Ameiurus natalis","freshwater"
"Ameiurus nebulosus","freshwater; brackish"
"Amia calva","freshwater"
"Ammodytes americanus","marine; brackish"
"Ammodytes dubius","marine"
"Ammodytes hexapterus","marine; brackish; benthopelagic"
"Ammodytes marinus","marine; brackish; benthopelagic"
"Ammodytes personatus","marine"
"Ammodytes tobianus","marine; brackish"
"Amniataba caudavittata","marine; freshwater; brackish"
"Amphiarius rugispinis","marine; brackish"
"Amphilius jacksonii","freshwater"
"Amphiprion chrysopterus","marine; reef-associated"
"Amphiprion melanopus","marine; reef-associated"
"Amphiprion perideraion","marine; brackish; reef-associated"
"Amphiprion tricinctus","marine; reef-associated"
"Amphistichus argenteus","marine"
"Anabas testudineus","freshwater; brackish"
"Anarhichas denticulatus","marine; benthopelagic"
"Anarhichas lupus","marine"
"Anarhichas minor","marine"
"Anchoa marinii","marine"
"Anchoa mitchilli","marine; freshwater; brackish"
"Anchoa mundeola","marine; brackish"
"Anchoa nasus","marine; brackish"
"Anchoa panamensis","marine; brackish"
"Anchoa tricolor","marine; brackish"
"Anguilla anguilla","marine; freshwater; brackish"
"Anguilla japonica","marine; freshwater; brackish"
"Anguilla mossambica","marine; freshwater; brackish"
"Anisotremus interruptus","marine; reef-associated"
"Anodontostoma chacunda","marine; freshwater; brackish"
"Anoplogaster cornuta","marine"
"Anoplopoma fimbria","marine"
"Anotopterus nikparini","marine"
"Antimora microlepis","marine"
"Antimora rostrata","marine"
"Apeltes quadracus","marine; freshwater; brackish; benthopelagic"
"Aphanius danfordii","freshwater; benthopelagic"
"Aphanius fasciatus","marine; freshwater; brackish"
"Aphanius iberus","freshwater; brackish; benthopelagic"
"Aphanius sophiae","freshwater; benthopelagic"
"Aphanopus carbo","marine"
"Aphanopus intermedius","marine; benthopelagic"
"Aphareus rutilans","marine; reef-associated"
"Aphia minuta","marine; brackish"
"Aphredoderus sayanus","freshwater"
"Apogon imberbis","marine; reef-associated"
"Aprion virescens","marine; reef-associated"
"Apsilus dentatus","marine; reef-associated"
"Arabibarbus grypus","freshwater"
"Arapaima gigas","freshwater"
"Archosargus probatocephalus","marine; brackish; reef-associated"
"Archosargus rhomboidalis","marine; brackish"
"Argentina sialis","marine; brackish"
"Argentina silus","marine"
"Argentina sphyraena","marine"
"Argyropelecus affinis","marine"
"Argyrops filamentosus","marine; reef-associated"
"Argyrops spinifer","marine"
"Argyrosomus inodorus","marine; brackish; benthopelagic"
"Argyrosomus japonicus","marine; brackish; benthopelagic"
"Argyrosomus regius","marine; brackish; benthopelagic"
"Argyrozona argyrozona","marine; benthopelagic"
"Ariomma indicum","marine; benthopelagic"
"Ariopsis guatemalensis","marine; freshwater; brackish"
"Aristostomias scintillans","marine"
"Arius latiscutatus","marine; brackish"
"Arius maculatus","marine; freshwater; brackish"
"Arnoglossus laterna","marine"
"Arnoglossus thori","marine"
"Arrhamphus sclerolepis krefftii","marine; freshwater; brackish"
"Arripis georgianus","marine; brackish"
"Arripis trutta","marine; brackish"
"Arripis truttacea","marine; brackish; benthopelagic"
"Artediellus camchaticus","marine"
"Aspidophoroides monopterygius","marine"
"Aspredinichthys filamentosus","freshwater; brackish"
"Aspredo aspredo","freshwater; brackish"
"Astyanax altiparanae","freshwater"
"Atheresthes evermanni","marine"
"Atheresthes stomias","marine"
"Atherina boyeri","marine; freshwater; brackish"
"Atherina presbyter","marine; brackish"
"Atherinella brasiliensis","marine; brackish"
"Atractoscion aequidens","marine; benthopelagic"
"Atractoscion nobilis","marine"
"Atrobucca nibe","marine"
"Atropus atropos","marine"
"Atule mate","marine; brackish; reef-associated"
"Auchenipterus nuchalis","freshwater"
"Auchenoglanis occidentalis","freshwater"
"Aulorhynchus flavidus","marine; benthopelagic"
"Austroglossus microlepis","marine"
"Austroglossus pectoralis","marine"
"Austrolebias viarius","freshwater; benthopelagic"
"Auxis rochei","marine; brackish"
"Auxis thazard","marine"
"Bagre bagre","marine; brackish"
"Bagrus bajad","freshwater"
"Bagrus docmak","freshwater; benthopelagic"
"Bagrus meridionalis","freshwater"
"Bairdiella chrysoura","marine; freshwater; brackish"
"Bajacalifornia burragei","marine"
"Balistes capriscus","marine; reef-associated"
"Balistes polylepis","marine; reef-associated"
"Balistes punctatus","marine"
"Balistes vetula","marine; reef-associated"
"Ballerus ballerus","freshwater; brackish; benthopelagic"
"Ballerus sapa","freshwater; brackish"
"Barbatula barbatula","freshwater"
"Barbodes carnaticus","freshwater; benthopelagic"
"Barbonymus collingwoodii","freshwater"
"Barbus barbus","freshwater; benthopelagic"
"Barbus cyclolepis","freshwater"
"Barbus haasi","freshwater"
"Barbus meridionalis","freshwater"
"Barbus peloponnesius","freshwater"
"Bathophilus flemingi","marine"
"Bathyagonus nigripinnis","marine"
"Bathygobius soporator","marine; freshwater; brackish"
"Bathylagus pacificus","marine"
"Bathypterois dubius","marine"
"Bathyraja interrupta","marine"
"Bathyraja lindbergi","marine"
"Bathyraja maculata","marine"
"Bathyraja minispinosa","marine"
"Bathyraja parmifera","marine"
"Bathyraja taranetzi","marine; brackish"
"Bathyraja trachura","marine"
"Bathysolea profundicola","marine"
"Batrachocottus baicalensis","freshwater"
"Batrachocottus multiradiatus","freshwater"
"Bellator gymnostethus","marine"
"Belone belone","marine; brackish"
"Belone euxini","marine; brackish"
"Benthalbella linguidens","marine"
"Benthosema fibulatum","marine"
"Benthosema glaciale","marine"
"Benthosema pterotum","marine; benthopelagic"
"Benthosema suborbitale","marine"
"Beryx decadactylus","marine"
"Beryx splendens","marine; benthopelagic"
"Blepsias cirrhosus","marine"
"Blicca bjoerkna","freshwater; brackish"
"Bodianus frenchii","marine; reef-associated"
"Bolbometopon muricatum","marine; reef-associated"
"Boleophthalmus pectinirostris","marine; freshwater; brackish"
"Boops boops","marine"
"Boreogadus saida","marine; brackish"
"Borostomias panamensis","marine"
"Bostockia porosa","freshwater"
"Bothus podas","marine"
"Boulengerochromis microlepis","freshwater"
"Bovichtus diacanthus","marine"
"Brachirus orientalis","marine; freshwater; brackish"
"Brachydeuterus auritus","marine; brackish; benthopelagic"
"Brachymystax lenok","freshwater; benthopelagic"
"Brachypleura novaezeelandiae","marine"
"Brama brama","marine"
"Brama japonica","marine"
"Branchiostegus argentatus","marine"
"Branchiostegus auratus","marine"
"Branchiostegus japonicus","marine"
"Brevoortia patronus","marine"
"Brevoortia tyrannus","marine; brackish"
"Brosme brosme","marine"
"Brotula barbata","marine; reef-associated"
"Brotula clarkae","marine; benthopelagic"
"Brycinus imberi","freshwater"
"Brycinus lateralis","freshwater"
"Brycinus leuciscus","freshwater"
"Brycinus macrolepidotus","freshwater; brackish"
"Brycinus nurse","freshwater"
"Brycinus sadleri","freshwater"
"Brycon amazonicus","freshwater"
"Brycon cephalus","freshwater; benthopelagic"
"Brycon guatemalensis","freshwater; benthopelagic"
"Buglossidium luteum","marine"
"Bunocephalus coracoideus","freshwater"
"Calamus leucosteus","marine"
"Calamus nodosus","marine; reef-associated"
"Calamus penna","marine; reef-associated"
"Calamus proridens","marine; reef-associated"
"Callionymus belcheri","marine"
"Callionymus lyra","marine"
"Callorhinchus capensis","marine"
"Callorhinchus milii","marine; brackish"
"Calophysus macropterus","freshwater"
"Calotomus japonicus","marine"
"Calotomus spinidens","marine; reef-associated"
"Campostoma anomalum","freshwater"
"Capoeta angorae","freshwater"
"Capoeta antalyensis","freshwater"
"Capoeta banarescui","freshwater"
"Capoeta capoeta","freshwater; benthopelagic"
"Capoeta damascina","freshwater"
"Capoeta erhani","freshwater"
"Capoeta fusca","freshwater"
"Capoeta gracilis","freshwater"
"Capoeta tinca","freshwater"
"Capoeta trutta","freshwater"
"Capoeta umbla","freshwater"
"Capros aper","marine"
"Caquetaia kraussii","freshwater"
"Carangoides armatus","marine; brackish; reef-associated"
"Carangoides bajad","marine; reef-associated"
"Carangoides chrysophrys","marine; brackish; reef-associated"
"Carangoides equula","marine; reef-associated"
"Carangoides ferdau","marine; brackish; reef-associated"
"Carangoides malabaricus","marine; reef-associated"
"Caranx bucculentus","marine; brackish; reef-associated"
"Caranx caballus","marine; brackish"
"Caranx caninus","marine; brackish"
"Caranx crysos","marine; brackish; reef-associated"
"Caranx hippos","marine; brackish; reef-associated"
"Caranx ignobilis","marine; brackish; reef-associated"
"Caranx lugubris","marine; benthopelagic"
"Caranx melampygus","marine; brackish; reef-associated"
"Caranx rhonchus","marine; brackish; benthopelagic"
"Caranx ruber","marine; reef-associated"
"Caranx sexfasciatus","marine; freshwater; brackish; reef-associated"
"Caranx tille","marine; reef-associated"
"Carasobarbus luteus","freshwater"
"Carassius auratus","freshwater; benthopelagic"
"Carassius carassius","freshwater; brackish"
"Carassius gibelio","freshwater; brackish; benthopelagic"
"Carcharhinus acronotus","marine; reef-associated"
"Carcharhinus amblyrhynchos","marine; reef-associated"
"Carcharhinus brachyurus","marine; brackish; reef-associated"
"Carcharhinus brevipinna","marine; reef-associated"
"Carcharhinus falciformis","marine; reef-associated"
"Carcharhinus galapagensis","marine; reef-associated"
"Carcharhinus isodon","marine"
"Carcharhinus leucas","marine; freshwater; brackish; reef-associated"
"Carcharhinus limbatus","marine; brackish; reef-associated"
"Carcharhinus longimanus","marine"
"Carcharhinus obscurus","marine; brackish; reef-associated"
"Carcharhinus plumbeus","marine; brackish; benthopelagic"
"Carcharhinus porosus","marine; brackish"
"Carcharhinus signatus","marine; benthopelagic"
"Carcharhinus sorrah","marine; brackish; reef-associated"
"Carcharhinus tilstoni","marine; brackish"
"Carcharias taurus","marine; reef-associated"
"Carcharodon carcharias","marine; brackish"
"Careproctus colletti","marine"
"Careproctus melanurus","marine"
"Careproctus zachirus","marine"
"Carlarius heudelotii","marine; freshwater; brackish"
"Carlarius parkii","marine; freshwater; brackish"
"Caspiomyzon wagneri","marine; freshwater; brackish"
"Cataetyx alleni","marine"
"Catostomus commersonii","freshwater; brackish"
"Catostomus discobolus","freshwater"
"Catostomus latipinnis","freshwater"
"Catostomus platyrhynchus","freshwater"
"Caulolatilus affinis","marine; brackish"
"Caulolatilus microps","marine"
"Centracanthus cirrus","marine; benthopelagic"
"Centroberyx affinis","marine; benthopelagic"
"Centrolabrus exoletus","marine"
"Centrophorus squamosus","marine"
"Centropomus armatus","marine; brackish"
"Centropomus undecimalis","marine; freshwater; brackish; reef-associated"
"Centropristis striata","marine; reef-associated"
"Centroscymnus coelolepis","marine"
"Cephalopholis boenak","marine; reef-associated"
"Cephalopholis cruentata","marine; reef-associated"
"Cephalopholis fulva","marine; reef-associated"
"Cephalopholis hemistiktos","marine; reef-associated"
"Cephalopholis panamensis","marine; reef-associated"
"Cephalopholis sexmaculata","marine; reef-associated"
"Cephalopholis spiloparaea","marine; reef-associated"
"Cephalopholis taeniops","marine"
"Cephalopholis urodeta","marine; reef-associated"
"Cepola macrophthalma","marine"
"Cetengraulis edentulus","marine; brackish"
"Cetengraulis mysticetus","marine; brackish"
"Cetorhinus maximus","marine"
"Cetoscarus bicolor","marine; reef-associated"
"Cetostoma regani","marine"
"Chaenocephalus aceratus","marine"
"Chaenogobius annularis","freshwater"
"Chaetodipterus faber","marine; brackish; reef-associated"
"Chaetodon auriga","marine; reef-associated"
"Chaetodon baronessa","marine; reef-associated"
"Chaetodon citrinellus","marine; reef-associated"
"Chaetodon lunulatus","marine; reef-associated"
"Chaetodon miliaris","marine; reef-associated"
"Chaetodon speculum","marine; reef-associated"
"Chaetodon trifascialis","marine; reef-associated"
"Chaetodon trifasciatus","marine; reef-associated"
"Champsocephalus gunnari","marine; benthopelagic"
"Channa argus","freshwater"
"Channa gachua","freshwater; benthopelagic"
"Channa marulius","freshwater; benthopelagic"
"Channa punctata","freshwater; brackish; benthopelagic"
"Channa striata","freshwater; brackish; benthopelagic"
"Channichthys rhinoceratus","marine"
"Chanodichthys erythropterus","freshwater; benthopelagic"
"Chanodichthys mongolicus","freshwater; benthopelagic"
"Chanodichthys oxycephalus","freshwater; benthopelagic"
"Chanos chanos","marine; freshwater; brackish; benthopelagic"
"Chauliodus macouni","marine"
"Cheilinus trilobatus","marine; brackish; reef-associated"
"Cheilinus undulatus","marine; reef-associated"
"Cheilopogon atrisignis","marine"
"Cheilopogon cyanopterus","marine"
"Cheilopogon nigricans","marine"
"Cheilotrema saturnum","marine"
"Cheimerius nufar","marine; reef-associated"
"Chelidonichthys capensis","marine"
"Chelidonichthys cuculus","marine"
"Chelidonichthys kumu","marine; brackish"
"Chelidonichthys lastoviza","marine"
"Chelidonichthys lucerna","marine"
"Chelidonichthys queketti","marine"
"Chelon labrosus","marine; freshwater; brackish"
"Chelon macrolepis","marine; freshwater; brackish"
"Chelon parsia","marine; freshwater; brackish"
"Chelon planiceps","marine; freshwater; brackish"
"Chelon subviridis","marine; freshwater; brackish"
"Chilara taylori","marine; brackish"
"Chiloscyllium plagiosum","marine; reef-associated"
"Chimaera monstrosa","marine"
"Chionodraco hamatus","marine"
"Chionodraco myersi","marine"
"Chionodraco rastrospinosus","marine; benthopelagic"
"Chirocentrus nudus","marine"
"Chirostoma attenuatum","freshwater"
"Chirostoma estor","freshwater"
"Chirostoma grandocule","freshwater"
"Chirostoma humboldtianum","freshwater"
"Chirostoma patzcuaro","freshwater"
"Chlorophthalmus agassizi","marine; brackish"
"Chloroscombrus chrysurus","marine; brackish"
"Chlorurus microrhinos","marine; reef-associated"
"Chlorurus sordidus","marine; brackish; reef-associated"
"Chlorurus spilurus","marine"
"Choerodon schoenleinii","marine; reef-associated"
"Chologaster cornuta","freshwater"
"Chondrostoma holmwoodii","freshwater"
"Chondrostoma nasus","freshwater; benthopelagic"
"Chondrostoma regium","freshwater"
"Chriodorus atherinoides","marine; freshwater; brackish"
"Chromis chromis","marine; reef-associated"
"Chromis chrysura","marine; reef-associated"
"Chromis ternatensis","marine; reef-associated"
"Chromis viridis","marine; reef-associated"
"Chrosomus eos","freshwater"
"Chrysichthys auratus","freshwater; brackish"
"Chrysichthys nigrodigitatus","freshwater"
"Chrysichthys walkeri","freshwater"
"Chrysiptera biocellata","marine; reef-associated"
"Chrysiptera glauca","marine; reef-associated"
"Chrysoblephus cristiceps","marine"
"Chrysoblephus laticeps","marine"
"Chrysoblephus puniceus","marine"
"Cichla intermedia","freshwater"
"Cichla monoculus","freshwater; benthopelagic"
"Cichla orinocensis","freshwater; benthopelagic"
"Cichla temensis","freshwater; benthopelagic"
"Cichlasoma urophthalmum","freshwater; brackish; benthopelagic"
"Cirrhinus cirrhosus","freshwater; brackish; benthopelagic"
"Cirrhinus molitorella","freshwater; benthopelagic"
"Citharichthys sordidus","marine"
"Citharichthys spilopterus","marine; freshwater; brackish"
"Citharinus citharus","freshwater"
"Citharus linguatula","marine"
"Clarias agboyiensis","freshwater"
"Clarias batrachus","freshwater; brackish"
"Clarias gariepinus","freshwater; benthopelagic"
"Clarias ngamensis","freshwater; brackish"
"Cleisthenes herzensteini","marine"
"Clidoderma asperrimum","marine"
"Clinocottus analis","marine"
"Clinocottus globiceps","marine"
"Clinostomus elongatus","freshwater"
"Clupanodon thrissa","marine; freshwater; brackish"
"Clupea bentincki","marine"
"Clupea harengus","marine; brackish; benthopelagic"
"Clupea pallasii pallasii","marine; freshwater; brackish"
"Clupea pallasii suworowi","marine; brackish"
"Clupeonella cultriventris","marine; freshwater; brackish"
"Clupeonella engrauliformis","brackish"
"Clupeonella grimmi","brackish"
"Cnidoglanis macrocephalus","marine; brackish"
"Cobitis calderoni","freshwater"
"Cobitis narentana","freshwater"
"Cobitis paludica","freshwater"
"Cobitis simplicispina","freshwater"
"Cobitis taenia","freshwater"
"Cobitis turcica","freshwater"
"Coelorinchus caelorhincus","marine; benthopelagic"
"Coelorinchus labiatus","marine"
"Coelorinchus mediterraneus","marine"
"Coilia dussumieri","marine; freshwater; brackish"
"Coilia mystus","marine; freshwater; brackish"
"Coilia nasus","marine; freshwater; brackish"
"Coilia ramcarati","marine; brackish"
"Coilia reynaldi","marine; freshwater; brackish"
"Colistium guntheri","marine"
"Colistium nudipinnis","marine"
"Cololabis saira","marine"
"Colossoma macropomum","freshwater; benthopelagic"
"Comephorus baikalensis","freshwater"
"Comephorus dybowskii","freshwater"
"Conger conger","marine"
"Conger orbignianus","marine"
"Conodon nobilis","marine"
"Contusus richei","marine"
"Copadichromis likomae","freshwater"
"Copadichromis mloto","freshwater"
"Copadichromis pleurostigmoides","freshwater"
"Copadichromis quadrimaculatus","freshwater"
"Copadichromis virginalis","freshwater"
"Coptodon guineensis","marine; freshwater; brackish"
"Coptodon rendalli","freshwater; brackish; benthopelagic"
"Coptodon zillii","freshwater; brackish; benthopelagic"
"Coregonus albula","marine; freshwater; brackish; benthopelagic"
"Coregonus alpenae","freshwater"
"Coregonus artedi","marine; freshwater; brackish"
"Coregonus autumnalis","marine; freshwater; brackish"
"Coregonus chadary","freshwater"
"Coregonus clupeaformis","freshwater; brackish"
"Coregonus hoyi","freshwater"
"Coregonus kiyi","freshwater"
"Coregonus lavaretus","freshwater; brackish"
"Coregonus macrophthalmus","freshwater"
"Coregonus maraena","marine; freshwater; brackish"
"Coregonus migratorius","marine; freshwater; brackish"
"Coregonus muksun","marine; freshwater; brackish; benthopelagic"
"Coregonus nasus","freshwater; brackish"
"Coregonus nigripinnis","freshwater"
"Coregonus oxyrinchus","freshwater; brackish; benthopelagic"
"Coregonus peled","marine; freshwater; brackish"
"Coregonus pidschian","marine; freshwater; brackish"
"Coregonus pollan","freshwater"
"Coregonus sardinella","marine; freshwater; brackish"
"Coregonus tugun tugun","freshwater; benthopelagic"
"Coregonus ussuriensis","marine; freshwater; brackish; benthopelagic"
"Coregonus wartmanni","freshwater"
"Coregonus widegreni","freshwater"
"Coreobagrus ichikawai","freshwater"
"Coris auricularis","marine; reef-associated"
"Coris julis","marine; reef-associated"
"Coryphaena equiselis","marine"
"Coryphaena hippurus","marine; brackish"
"Coryphaenoides acrolepis","marine"
"Coryphaenoides cinereus","marine"
"Coryphaenoides guentheri","marine"
"Coryphaenoides mediterraneus","marine"
"Coryphaenoides rupestris","marine"
"Cottocomephorus grewingkii","freshwater; brackish; benthopelagic"
"Cottus asperrimus","freshwater"
"Cottus beldingii","freshwater"
"Cottus cognatus","freshwater; brackish"
"Cottus gobio","freshwater; brackish"
"Cottus klamathensis","freshwater"
"Cottus pitensis","freshwater"
"Couesius plumbeus","freshwater"
"Cromileptes altivelis","marine; reef-associated"
"Crystallogobius linearis","marine"
"Ctenochaetus striatus","marine; reef-associated"
"Ctenochaetus strigosus","marine; reef-associated"
"Ctenolabrus rupestris","marine; reef-associated"
"Ctenopharyngodon idella","freshwater"
"Ctenopharynx intermedius","freshwater; benthopelagic"
"Ctenosciaena gracilicirrhus","marine"
"Cubiceps caeruleus","marine"
"Cubiceps pauciradiatus","marine"
"Culter alburnus","freshwater"
"Cycleptus elongatus","freshwater"
"Cycleptus meridionalis","freshwater"
"Cyclocheilichthys apogon","freshwater"
"Cyclopsetta chittendeni","marine"
"Cyclopsetta querna","marine; brackish"
"Cyclopterus lumpus","marine; benthopelagic"
"Cyclothone acclinidens","marine"
"Cyema atrum","marine"
"Cymatoceps nasutus","marine; brackish"
"Cynoglossus abbreviatus","marine"
"Cynoglossus arel","marine; brackish"
"Cynoglossus canariensis","marine; brackish"
"Cynoglossus joyneri","marine"
"Cynoglossus lida","marine"
"Cynoglossus macrostomus","marine; brackish; benthopelagic"
"Cynoglossus puncticeps","marine; freshwater; brackish"
"Cynoglossus robustus","marine"
"Cynoglossus semifasciatus","marine"
"Cynoglossus senegalensis","marine; brackish"
"Cynopoecilus melanotaenia","freshwater; benthopelagic"
"Cynoscion acoupa","marine; freshwater; brackish"
"Cynoscion albus","marine; brackish"
"Cynoscion analis","marine; brackish"
"Cynoscion arenarius","marine; brackish"
"Cynoscion guatucupa","marine; benthopelagic"
"Cynoscion jamaicensis","marine; brackish"
"Cynoscion leiarchus","marine; brackish"
"Cynoscion microlepidotus","marine; brackish"
"Cynoscion nebulosus","marine; brackish"
"Cynoscion nothus","marine; brackish"
"Cynoscion othonopterus","marine; brackish"
"Cynoscion regalis","marine; brackish"
"Cynoscion stolzmanni","marine; brackish"
"Cynoscion xanthulus","marine; brackish; benthopelagic"
"Cyphocharax magdalenae","freshwater"
"Cyphocottus megalops","freshwater"
"Cyphomyrus discorhynchus","freshwater"
"Cyprinus carpio","freshwater; brackish; benthopelagic"
"Cypselurus opisthopus","marine"
"Dactyloptena orientalis","marine; reef-associated"
"Dalatias licha","marine"
"Danio rerio","freshwater; benthopelagic"
"Dascyllus albisella","marine; reef-associated"
"Dascyllus aruanus","marine; reef-associated"
"Dascyllus reticulatus","marine; reef-associated"
"Dasyatis akajei","marine; brackish"
"Dasyatis chrysonota","marine"
"Dasyatis dipterura","marine"
"Dasyatis pastinaca","marine; brackish"
"Dasyatis sabina","marine; freshwater; brackish"
"Dasycottus setiger","marine"
"Deania calcea","marine"
"Decapterus kurroides","marine; reef-associated"
"Decapterus macarellus","marine"
"Decapterus macrosoma","marine; reef-associated"
"Decapterus maruadsi","marine; reef-associated"
"Decapterus punctatus","marine; reef-associated"
"Decapterus russelli","marine; benthopelagic"
"Decapterus tabl","marine; reef-associated"
"Deltentosteus quadrimaculatus","marine"
"Dendrophysa russelii","marine; freshwater; brackish"
"Dentex angolensis","marine"
"Dentex canariensis","marine"
"Dentex congoensis","marine"
"Dentex dentex","marine; benthopelagic"
"Dentex gibbosus","marine; benthopelagic"
"Dentex macrophthalmus","marine; benthopelagic"
"Dentex maroccanus","marine"
"Dentex tumifrons","marine"
"Diagramma pictum","marine; reef-associated"
"Diaphus dumerilii","marine"
"Diaphus watasei","marine; benthopelagic"
"Diapterus peruvianus","marine"
"Diapterus rhombeus","marine; brackish"
"Dicentrarchus labrax","marine; freshwater; brackish; oceanodromous"
"Dicentrarchus punctatus","marine; brackish"
"Dichistius capensis","marine; reef-associated"
"Dicologlossa cuneata","marine; brackish"
"Diodon holocanthus","marine; reef-associated"
"Diplectrum formosum","marine; reef-associated"
"Diplodus annularis","marine; brackish; benthopelagic"
"Diplodus bellottii","marine; benthopelagic"
"Diplodus capensis","marine; reef-associated"
"Diplodus cervinus","marine; reef-associated"
"Diplodus hottentotus","marine; brackish"
"Diplodus puntazzo","marine; brackish; benthopelagic"
"Diplodus sargus cadenati","marine"
"Diplodus sargus sargus","marine; brackish"
"Diplodus vulgaris","marine; benthopelagic"
"Dipturus batis","marine"
"Dipturus innominatus","marine"
"Dipturus laevis","marine"
"Dipturus oxyrinchus","marine"
"Dipturus pullopunctatus","marine"
"Dipturus trachyderma","marine"
"Discherodontus ashmeadi","freshwater"
"Dissostichus eleginoides","marine"
"Dissostichus mawsoni","marine"
"Distichodus rostratus","freshwater"
"Doederleinia berycoides","marine"
"Dolichopteryx longipes","marine"
"Dolloidraco longedorsalis","marine"
"Dormitator latifrons","marine; freshwater; brackish"
"Dorosoma cepedianum","marine; freshwater; brackish"
"Drepane africana","marine; brackish; benthopelagic"
"Drepane punctata","marine; brackish; reef-associated"
"Dussumieria acuta","marine; freshwater; brackish"
"Dussumieria elopsoides","marine"
"Elagatis bipinnulata","marine; reef-associated"
"Electrona antarctica","marine"
"Electrona carlsbergi","marine"
"Electrona risso","marine"
"Eleginops maclovinus","marine"
"Eleginus gracilis","marine; freshwater; brackish"
"Eleotris oxycephala","marine; freshwater; brackish"
"Elopichthys bambusa","freshwater; benthopelagic"
"Elops machnata","marine; brackish"
"Elops saurus","marine; brackish; reef-associated"
"Emmelichthys nitidus nitidus","marine"
"Enchelyopus cimbrius","marine"
"Encrasicholina devisi","marine; brackish; reef-associated"
"Encrasicholina heteroloba","marine; reef-associated"
"Encrasicholina punctifer","marine; reef-associated"
"Encrasicholina purpurea","marine; brackish"
"Engraulicypris sardella","freshwater"
"Engraulis anchoita","marine"
"Engraulis australis","marine; brackish"
"Engraulis capensis","marine"
"Engraulis encrasicolus","marine; brackish"
"Engraulis japonicus","marine"
"Engraulis mordax","marine"
"Engraulis ringens","marine; oceanodromous"
"Enteromius holotaenia","freshwater; benthopelagic"
"Enteromius liberiensis","freshwater; benthopelagic"
"Enteromius paludinosus","freshwater; benthopelagic"
"Enteromius pumilus","freshwater; benthopelagic"
"Enteromius trimaculatus","freshwater; benthopelagic"
"Eopsetta grigorjewi","marine"
"Eopsetta jordani","marine"
"Epigonus angustifrons","marine"
"Epigonus elegans","marine"
"Epigonus telescopus","marine"
"Epinephelides armatus","marine"
"Epinephelus adscensionis","marine"
"Epinephelus aeneus","marine; brackish"
"Epinephelus areolatus","marine; reef-associated"
"Epinephelus caninus","marine"
"Epinephelus chlorostigma","marine; reef-associated"
"Epinephelus cifuentesi","marine"
"Epinephelus coioides","marine; brackish; reef-associated"
"Epinephelus costae","marine"
"Epinephelus cyanopodus","marine; reef-associated"
"Epinephelus diacanthus","marine"
"Epinephelus drummondhayi","marine"
"Epinephelus fasciatus","marine; brackish; reef-associated"
"Epinephelus fuscoguttatus","marine; reef-associated"
"Epinephelus guttatus","marine; reef-associated"
"Epinephelus hexagonatus","marine; reef-associated"
"Epinephelus itajara","marine; brackish; reef-associated"
"Epinephelus labriformis","marine"
"Epinephelus latifasciatus","marine"
"Epinephelus maculatus","marine; reef-associated"
"Epinephelus malabaricus","marine; brackish; reef-associated"
"Epinephelus marginatus","marine; reef-associated"
"Epinephelus merra","marine; reef-associated"
"Epinephelus morio","marine; reef-associated"
"Epinephelus morrhua","marine; reef-associated"
"Epinephelus multinotatus","marine; reef-associated"
"Epinephelus ongus","marine; brackish; reef-associated"
"Epinephelus polylepis","marine"
"Epinephelus polyphekadion","marine; reef-associated"
"Epinephelus rivulatus","marine; reef-associated"
"Epinephelus sexfasciatus","marine; reef-associated"
"Epinephelus striatus","marine; reef-associated"
"Epinephelus tauvina","marine; reef-associated"
"Epinephelus tukula","marine; reef-associated"
"Eptatretus polytrema","marine"
"Equulites elongatus","marine"
"Equulites klunzingeri","marine"
"Equulites leuciscus","marine"
"Equulites lineolatus","marine"
"Ericymba buccata","freshwater"
"Erilepis zonifer","marine"
"Erythrocles schlegelii","marine"
"Esox americanus","freshwater; brackish"
"Esox lucius","freshwater; brackish"
"Esox masquinongy","freshwater"
"Esox niger","freshwater"
"Esox reichertii","freshwater"
"Etelis carbunculus","marine; benthopelagic"
"Etelis coruscans","marine; reef-associated"
"Etelis oculatus","marine"
"Etelis radiosus","marine"
"Etheostoma caeruleum","freshwater"
"Etheostoma flabellare","freshwater"
"Etheostoma juliae","freshwater"
"Etheostoma nigrum","freshwater; benthopelagic"
"Etheostoma sagitta","freshwater"
"Ethmalosa fimbriata","marine; freshwater; brackish"
"Etmopterus baxteri","marine"
"Etropus crossotus","marine; brackish"
"Etrumeus acuminatus","marine"
"Etrumeus golanii","marine"
"Etrumeus micropus","marine"
"Etrumeus sadina","marine"
"Etrumeus whiteheadi","marine"
"Eubleekeria splendens","marine; brackish"
"Eucinostomus argenteus","marine; freshwater; brackish; reef-associated"
"Eucinostomus gula","marine; freshwater; brackish; reef-associated"
"Eudontomyzon mariae","freshwater"
"Eugerres brasilianus","marine"
"Eugerres plumieri","marine; freshwater; brackish"
"Eumegistus illustris","marine"
"Euthynnus affinis","marine"
"Euthynnus alletteratus","marine; brackish; reef-associated"
"Eutrigla gurnardus","marine; brackish"
"Evermannella melanoderma","marine"
"Evynnis ehrenbergii","marine; benthopelagic"
"Facciolella gilbertii","marine; benthopelagic"
"Favonigobius lateralis","marine; brackish"
"Favonigobius lentiginosus","marine"
"Filimanus heptadactyla","marine; brackish"
"Forbesichthys agassizii","freshwater"
"Forsterygion lapillum","marine; benthopelagic"
"Forsterygion varium","marine; benthopelagic"
"Fundulus parvipinnis","marine; brackish; benthopelagic"
"Furgaleus macki","marine"
"Gadiculus argenteus","marine"
"Gadiculus thori","marine; oceanodromous"
"Gadus chalcogrammus","marine; brackish; benthopelagic"
"Gadus macrocephalus","marine"
"Gadus morhua","marine; brackish; benthopelagic"
"Gaidropsarus guttatus","marine"
"Gaidropsarus mediterraneus","marine; brackish"
"Galaxias occidentalis","freshwater"
"Galaxiella munda","freshwater"
"Galaxiella nigrostriata","freshwater"
"Galaxiella pusilla","freshwater"
"Galeocerdo cuvier","marine; brackish; benthopelagic"
"Galeoides decadactylus","marine; brackish"
"Galeorhinus galeus","marine; benthopelagic"
"Gambusia affinis","freshwater; brackish; benthopelagic"
"Garra mullya","freshwater"
"Garra rufa","freshwater; benthopelagic"
"Gasterosteus aculeatus","marine; freshwater; brackish; benthopelagic"
"Gazza minuta","marine; brackish"
"Genidens barbus","marine; brackish"
"Genypterus blacodes","marine"
"Genypterus capensis","marine"
"Gerres cinereus","marine; freshwater; brackish; reef-associated"
"Gerres filamentosus","marine; freshwater; brackish"
"Gerres longirostris","marine; freshwater; brackish; reef-associated"
"Gerres oyena","marine; brackish; reef-associated"
"Gerres setifer","marine; brackish; benthopelagic"
"Gibelion catla","freshwater; brackish; benthopelagic"
"Gigantura indica","marine"
"Gila atraria","freshwater"
"Gila cypha","freshwater; benthopelagic"
"Ginglymostoma cirratum","marine; brackish; reef-associated"
"Girella punctata","marine; reef-associated"
"Girella tricuspidata","marine; brackish; benthopelagic"
"Glaniopsis hanitschi","freshwater"
"Glaucosoma buergeri","marine; benthopelagic"
"Glaucosoma hebraicum","marine; reef-associated"
"Glossanodon semifasciatus","marine; benthopelagic"
"Glossogobius giuris","marine; freshwater; brackish; benthopelagic"
"Glyptocephalus cynoglossus","marine"
"Glyptocephalus stelleri","marine"
"Glyptocephalus zachirus","marine"
"Glyptosternon maculatum","freshwater"
"Gnathanodon speciosus","marine; reef-associated"
"Gnathopogon strigatus","freshwater"
"Gobiesox rhessodon","marine"
"Gobio cynocephalus","freshwater"
"Gobio gobio","freshwater; brackish; benthopelagic"
"Gobio soldatovi","freshwater; benthopelagic"
"Gobiobotia pappenheimi","freshwater"
"Gobiomorphus breviceps","freshwater"
"Gobionellus microdon","freshwater; brackish"
"Gobionotothen gibberifrons","marine"
"Gobiosoma robustum","marine; brackish"
"Gobius cobitis","marine; brackish"
"Gobius niger","marine; brackish"
"Gobius paganellus","marine; freshwater; brackish"
"Gobius vittatus","marine"
"Gobiusculus flavescens","marine; brackish"
"Gudusia chapra","freshwater; brackish"
"Gymnapistes marmoratus","marine; brackish"
"Gymnarchus niloticus","freshwater"
"Gymnelus viridis","marine"
"Gymnocanthus detrisus","marine"
"Gymnocanthus galeatus","marine"
"Gymnocanthus pistilliger","marine"
"Gymnocanthus tricuspis","marine"
"Gymnocephalus cernua","freshwater; brackish"
"Gymnocranius audleyi","marine; reef-associated"
"Gymnocranius euanus","marine; reef-associated"
"Gymnocranius grandoculis","marine; reef-associated"
"Gymnocranius griseus","marine; reef-associated"
"Gymnotus carapo","freshwater; benthopelagic"
"Haemulon album","marine; reef-associated"
"Haemulon aurolineatum","marine; reef-associated"
"Haemulon bonariense","marine"
"Haemulon flaviguttatum","marine"
"Haemulon flavolineatum","marine; reef-associated"
"Haemulon maculicauda","marine"
"Haemulon melanurum","marine; reef-associated"
"Haemulon parra","marine; reef-associated"
"Haemulon plumierii","marine; reef-associated"
"Haemulon sciurus","marine; reef-associated"
"Haemulon sexfasciatum","marine; reef-associated"
"Haemulon steindachneri","marine; reef-associated"
"Haemulopsis corvinaeformis","marine; freshwater; brackish"
"Halichoeres hortulanus","marine; reef-associated"
"Halichoeres marginatus","marine; reef-associated"
"Halichoeres radiatus","marine; brackish; reef-associated"
"Halichoeres scapularis","marine; reef-associated"
"Halosauropsis macrochir","marine"
"Hampala macrolepidota","freshwater; benthopelagic"
"Haplochromis macconneli","freshwater"
"Harengula humeralis","marine; reef-associated"
"Harengula jaguana","marine; brackish; reef-associated"
"Harpadon nehereus","marine; brackish; benthopelagic"
"Harpagifer antarcticus","marine"
"Helicolenus dactylopterus","marine"
"Helicolenus lahillei","marine"
"Helicolenus percoides","marine"
"Hemerocoetes monopterygius","marine"
"Hemibagrus baramensis","freshwater"
"Hemibarbus labeo","freshwater; benthopelagic"
"Hemichromis fasciatus","freshwater; benthopelagic"
"Hemiculter leucisculus","freshwater; brackish; benthopelagic"
"Hemiculter lucidus","freshwater"
"Hemigrammocapoeta kemali","freshwater"
"Hemilepidotus zapus","marine"
"Hemiramphus brasiliensis","marine; reef-associated"
"Hemiramphus convexus","marine"
"Hemisorubim platyrhynchos","freshwater"
"Henicorhynchus siamensis","freshwater; benthopelagic"
"Hepsetus cuvieri","freshwater"
"Hepsetus odoe","freshwater"
"Herklotsichthys quadrimaculatus","marine; freshwater; brackish; reef-associated"
"Hesperoleucus symmetricus","freshwater"
"Heterandria bimaculata","freshwater; benthopelagic"
"Heterobranchus longifilis","freshwater"
"Heterodontus portusjacksoni","marine"
"Heteropneustes fossilis","freshwater; brackish"
"Heterotis niloticus","freshwater"
"Hexagrammos agrammus","marine"
"Hexagrammos otakii","marine"
"Hilsa kelee","marine; freshwater; brackish"
"Hiodon alosoides","freshwater"
"Hiodon tergisus","freshwater"
"Hippocampus comes","marine; reef-associated"
"Hippocampus erectus","marine; reef-associated"
"Hippocampus guttulatus","marine; brackish"
"Hippocampus kuda","marine; brackish; reef-associated"
"Hippocampus reidi","marine; brackish; reef-associated"
"Hippocampus whitei","marine"
"Hippocampus zosterae","marine"
"Hippoglossina stomata","marine"
"Hippoglossoides dubius","marine"
"Hippoglossoides elassodon","marine"
"Hippoglossoides platessoides","marine"
"Hippoglossoides robustus","marine"
"Hippoglossus hippoglossus","marine"
"Hippoglossus stenolepis","marine"
"Hipposcarus harid","marine; reef-associated"
"Hipposcarus longiceps","marine; reef-associated"
"Hirundichthys affinis","marine"
"Hirundichthys oxycephalus","marine"
"Histiobranchus bathybius","marine; benthopelagic"
"Holocentrus adscensionis","marine; reef-associated"
"Holocentrus rufus","marine; reef-associated"
"Hoplias malabaricus","freshwater; benthopelagic"
"Hoplosternum littorale","freshwater"
"Hoplostethus atlanticus","marine"
"Hoplostethus mediterraneus","marine; benthopelagic"
"Howella brodiei","marine"
"Hucho hucho","freshwater; benthopelagic"
"Hucho taimen","freshwater; brackish; benthopelagic"
"Huso dauricus","marine; freshwater; brackish"
"Huso huso","marine; freshwater; brackish"
"Hybognathus nuchalis","freshwater"
"Hydrocynus forskahlii","freshwater"
"Hydrocynus vittatus","freshwater"
"Hydrolagus colliei","marine"
"Hymenocephalus italicus","marine; benthopelagic"
"Hyperoglyphe antarctica","marine; benthopelagic"
"Hyperoplus lanceolatus","marine; brackish"
"Hyperprosopon anale","marine"
"Hypomesus olidus","marine; freshwater; brackish"
"Hypophthalmichthys molitrix","freshwater; benthopelagic"
"Hypophthalmichthys nobilis","freshwater; benthopelagic"
"Hypophthalmus edentatus","freshwater"
"Hypophthalmus marginatus","freshwater"
"Hypoptychus dybowskii","marine"
"Hyporhamphus australis","marine; brackish"
"Hyporhamphus intermedius","marine; freshwater; brackish"
"Hyporhamphus melanochir","marine; brackish"
"Hyporhamphus regularis","freshwater; brackish"
"Hyporhamphus unifasciatus","marine; brackish; reef-associated; oceanodromous"
"Hyporthodus flavolimbatus","marine"
"Hyporthodus nigritus","marine"
"Hyporthodus niveatus","marine"
"Hyporthodus octofasciatus","marine"
"Hyporthodus quernus","marine; benthopelagic"
"Hypostomus albopunctatus","freshwater"
"Iberochondrostoma lemmingii","freshwater"
"Icelus canaliculatus","marine"
"Icelus perminovi","marine"
"Icelus spiniger","marine"
"Ichthyborus besse","freshwater"
"Ichthyomyzon greeleyi","freshwater"
"Icosteus aenigmaticus","marine"
"Ictalurus punctatus","freshwater; benthopelagic"
"Idiacanthus antrostomus","marine"
"Ilisha africana","marine; brackish"
"Ilisha elongata","marine; brackish"
"Ilisha filigera","marine; freshwater; brackish"
"Inimicus japonicus","marine"
"Isogomphodon oxyrhynchus","marine; brackish"
"Isopsetta isolepis","marine"
"Istiompax indica","marine"
"Istiophorus albicans","marine"
"Istiophorus platypterus","marine"
"Isurus oxyrinchus","marine"
"Jaydia lineata","marine"
"Jenkinsia lamprotaenia","marine; reef-associated"
"Jenynsia lineata","freshwater"
"Jenynsia multidentata","freshwater"
"Johnius borneensis","marine; freshwater; brackish; benthopelagic"
"Johnius carutta","marine; freshwater; brackish"
"Johnius coitor","marine; freshwater; brackish"
"Johnius dussumieri","marine; brackish"
"Johnius glaucus","marine"
"Johnius macrorhynus","marine"
"Kajikia albida","marine"
"Kajikia audax","marine"
"Kali kerberti","marine"
"Karalepis stewarti","marine"
"Karalla daura","marine"
"Kareius bicoloratus","marine; freshwater; brackish"
"Kathetostoma averruncus","marine"
"Kathetostoma giganteum","marine"
"Katsuwonus pelamis","marine; oceanodromous"
"Konosirus punctatus","marine; brackish"
"Kuhlia sandvicensis","marine; freshwater; brackish; benthopelagic"
"Kyphosus cinerascens","marine; reef-associated"
"Labeo bata","freshwater; benthopelagic"
"Labeo boggut","freshwater"
"Labeo calbasu","freshwater; brackish"
"Labeo coubie","freshwater; benthopelagic"
"Labeo dussumieri","freshwater; benthopelagic"
"Labeo fimbriatus","freshwater; benthopelagic"
"Labeo gonius","freshwater; benthopelagic"
"Labeo horie","freshwater; benthopelagic"
"Labeo lunatus","freshwater; benthopelagic"
"Labeo niloticus","freshwater"
"Labeo rohita","freshwater; brackish; benthopelagic"
"Labeo senegalensis","freshwater; benthopelagic"
"Labeobarbus aeneus","freshwater; benthopelagic"
"Labeobarbus bynni","freshwater"
"Labeobarbus kimberleyensis","freshwater; benthopelagic"
"Labidesthes sicculus","freshwater"
"Labrus bergylta","marine; reef-associated"
"Labrus merula","marine"
"Labrus mixtus","marine; reef-associated"
"Lachnolaimus maximus","marine; reef-associated"
"Lactarius lactarius","marine; brackish"
"Ladislavia taczanowskii","freshwater"
"Laemonema longipes","marine"
"Lagocephalus sceleratus","marine; reef-associated"
"Lagodon rhomboides","marine; freshwater; brackish"
"Lamna ditropis","marine"
"Lamna nasus","marine"
"Lampanyctodes hectoris","marine"
"Lampetra planeri","freshwater"
"Lampris guttatus","marine"
"Larimichthys crocea","marine; brackish; benthopelagic"
"Larimichthys polyactis","marine; benthopelagic"
"Larimus breviceps","marine; brackish"
"Larimus fasciatus","marine; brackish"
"Lateolabrax japonicus","marine; freshwater; brackish; reef-associated"
"Lates angustifrons","freshwater"
"Lates calcarifer","marine; freshwater; brackish"
"Lates longispinis","freshwater"
"Lates mariae","freshwater"
"Lates microlepis","freshwater"
"Lates niloticus","freshwater"
"Lates stappersii","freshwater"
"Latimeria chalumnae","marine"
"Latridopsis ciliaris","marine"
"Latris lineata","marine"
"Leiognathus brevirostris","marine; brackish"
"Leiognathus equulus","marine; freshwater; brackish"
"Leiopotherapon plumbeus","freshwater"
"Leiostomus xanthurus","marine; brackish"
"Leocottus kesslerii","freshwater"
"Lepidion eques","marine; benthopelagic"
"Lepidion lepidion","marine"
"Lepidocephalichthys guntea","freshwater; brackish"
"Lepidogalaxias salamandroides","freshwater"
"Lepidogobius lepidus","marine"
"Lepidonotothen squamifrons","marine; benthopelagic"
"Lepidophanes guentheri","marine"
"Lepidopsetta bilineata","marine"
"Lepidopsetta polyxystra","marine"
"Lepidopus caudatus","marine; benthopelagic"
"Lepidorhombus boscii","marine"
"Lepidorhombus whiffiagonis","marine"
"Lepidotrigla cavillone","marine"
"Lepisosteus osseus","freshwater; brackish"
"Lepisosteus platyrhincus","freshwater"
"Lepomis gibbosus","freshwater; brackish; benthopelagic"
"Lepomis macrochirus","freshwater; benthopelagic"
"Lepomis megalotis","freshwater"
"Leporinus friderici","freshwater; benthopelagic"
"Leporinus obtusidens","freshwater; benthopelagic"
"Leptomelanosoma indicum","marine; brackish"
"Leptoscarus vaigiensis","marine; reef-associated"
"Lepturacanthus savala","marine; brackish; benthopelagic"
"Lestidiops ringens","marine"
"Lestrolepis japonica","marine"
"Lesueurigobius friesii","marine"
"Lethenteron appendix","freshwater"
"Lethrinops longipinnis","freshwater"
"Lethrinops parvidens","freshwater"
"Lethrinus atkinsoni","marine; reef-associated"
"Lethrinus borbonicus","marine; reef-associated"
"Lethrinus enigmaticus","marine; reef-associated"
"Lethrinus erythracanthus","marine; reef-associated"
"Lethrinus genivittatus","marine; brackish; reef-associated"
"Lethrinus haematopterus","marine; reef-associated"
"Lethrinus harak","marine; brackish; reef-associated"
"Lethrinus lentjan","marine; brackish; reef-associated"
"Lethrinus mahsena","marine; reef-associated"
"Lethrinus microdon","marine; reef-associated"
"Lethrinus miniatus","marine; brackish; reef-associated"
"Lethrinus nebulosus","marine; brackish; reef-associated"
"Lethrinus obsoletus","marine; reef-associated"
"Lethrinus olivaceus","marine; reef-associated"
"Lethrinus ornatus","marine; reef-associated"
"Lethrinus rubrioperculatus","marine; reef-associated"
"Lethrinus semicinctus","marine; reef-associated"
"Lethrinus variegatus","marine; reef-associated"
"Lethrinus xanthochilus","marine; reef-associated"
"Leucaspius delineatus","freshwater; brackish"
"Leuciscus aspius","freshwater; brackish; benthopelagic"
"Leuciscus baicalensis","freshwater"
"Leuciscus idus","freshwater; brackish; benthopelagic"
"Leuciscus leuciscus","freshwater; brackish; benthopelagic"
"Leuciscus vorax","freshwater"
"Leuciscus waleckii","freshwater; benthopelagic"
"Leucoraja erinacea","marine"
"Leucoraja naevus","marine"
"Leucoraja ocellata","marine"
"Leucoraja wallacei","marine; brackish"
"Leucos basak","freshwater"
"Leucos ylikiensis","freshwater"
"Leuresthes tenuis","marine"
"Leuroglossus stilbius","marine"
"Lile stolifera","marine"
"Limanda aspera","marine"
"Limanda ferruginea","marine"
"Limanda limanda","marine"
"Limanda punctatissima","marine"
"Limanda sakhalinensis","marine"
"Limnocottus godlewskii","freshwater"
"Limnocottus pallidus","freshwater"
"Limnothrissa miodon","freshwater"
"Liopsetta glacialis","marine; freshwater; brackish"
"Liparis inquilinus","marine"
"Liparis pulchellus","marine"
"Lipocheilus carnolabrum","marine"
"Lipophrys pholis","marine"
"Lithognathus aureti","marine; benthopelagic"
"Lithognathus lithognathus","marine; brackish; benthopelagic"
"Lithognathus mormyrus","marine; brackish"
"Liza abu","freshwater; brackish"
"Liza argentea","marine; freshwater; brackish"
"Liza aurata","marine; freshwater; brackish"
"Liza carinata","marine; brackish"
"Liza grandisquamis","marine; freshwater; brackish"
"Liza haematocheila","marine; freshwater; brackish"
"Liza klunzingeri","marine"
"Liza ramada","marine; freshwater; brackish"
"Liza saliens","marine; brackish"
"Lobianchia dofleini","marine"
"Lobocheilos bo","freshwater"
"Lobotes surinamensis","marine; brackish; benthopelagic"
"Lophius americanus","marine"
"Lophius budegassa","marine"
"Lophius piscatorius","marine"
"Lophius vomerinus","marine"
"Lopholatilus chamaeleonticeps","marine"
"Lopholatilus villarii","marine"
"Lota lota","freshwater; brackish"
"Loxodon macrorhinus","marine"
"Luciobarbus albanicus","freshwater"
"Luciobarbus bocagei","freshwater"
"Luciobarbus brachycephalus","freshwater; brackish; benthopelagic"
"Luciobarbus sclateri","freshwater"
"Luciobarbus xanthopterus","freshwater"
"Luciopimelodus pati","freshwater"
"Lumpenus lampretaeformis","marine"
"Lutjanus adetii","marine; reef-associated"
"Lutjanus alexandrei","marine"
"Lutjanus analis","marine; brackish; reef-associated"
"Lutjanus apodus","marine; brackish; reef-associated"
"Lutjanus argentimaculatus","marine; freshwater; brackish; reef-associated"
"Lutjanus argentiventris","marine; brackish; reef-associated"
"Lutjanus bohar","marine; freshwater; brackish; reef-associated"
"Lutjanus boutton","marine; reef-associated"
"Lutjanus buccanella","marine; reef-associated"
"Lutjanus campechanus","marine; reef-associated"
"Lutjanus carponotatus","marine; reef-associated"
"Lutjanus cyanopterus","marine; brackish; reef-associated"
"Lutjanus ehrenbergii","marine; freshwater; brackish; reef-associated"
"Lutjanus erythropterus","marine; reef-associated"
"Lutjanus fulviflamma","marine; brackish; reef-associated"
"Lutjanus fulvus","marine; freshwater; brackish; reef-associated"
"Lutjanus gibbus","marine; reef-associated"
"Lutjanus griseus","marine; freshwater; brackish; reef-associated"
"Lutjanus guttatus","marine; reef-associated"
"Lutjanus jocu","marine; freshwater; brackish; reef-associated"
"Lutjanus johnii","marine; brackish; reef-associated"
"Lutjanus kasmira","marine; reef-associated"
"Lutjanus lutjanus","marine"
"Lutjanus mahogoni","marine; reef-associated"
"Lutjanus malabaricus","marine; brackish; reef-associated"
"Lutjanus monostigma","marine; reef-associated"
"Lutjanus peru","marine; reef-associated"
"Lutjanus purpureus","marine"
"Lutjanus quinquelineatus","marine; reef-associated"
"Lutjanus rivulatus","marine; reef-associated"
"Lutjanus sanguineus","marine; reef-associated"
"Lutjanus sebae","marine; brackish; reef-associated"
"Lutjanus synagris","marine; reef-associated"
"Lutjanus timoriensis","marine; reef-associated"
"Lutjanus vitta","marine; brackish; reef-associated"
"Lutjanus vivanus","marine; reef-associated"
"Luxilus chrysocephalus","freshwater"
"Lycengraulis grossidens","marine; freshwater; brackish"
"Lycodes albolineatus","marine; brackish"
"Lycodes brunneofasciatus","marine"
"Lycodes gracilis","marine"
"Lycodes pacificus","marine"
"Maccullochella ikei","freshwater"
"Maccullochella peelii","freshwater"
"Macquaria ambigua","freshwater"
"Macquaria novemaculeata","freshwater; brackish"
"Macrhybopsis aestivalis","freshwater"
"Macrodon ancylodon","marine; brackish"
"Macrodon atricauda","marine"
"Macrognathus maculatus","freshwater"
"Macrognathus pancalus","freshwater; brackish"
"Macroramphosus gracilis","marine"
"Macroramphosus scolopax","marine"
"Macrourus berglax","marine; benthopelagic"
"Macruronus magellanicus","marine; benthopelagic"
"Macruronus novaezelandiae","marine; brackish; benthopelagic; oceanodromous"
"Makaira mazara","marine"
"Makaira nigricans","marine"
"Malacocottus zonurus","marine"
"Malacoraja senta","marine; brackish"
"Mallotus villosus","marine; freshwater; brackish"
"Marcusenius macrolepidotus","freshwater"
"Marcusenius monteiri","freshwater"
"Mastacembelus mastacembelus","freshwater"
"Masturus lanceolatus","marine; brackish"
"Maurolicus muelleri","marine"
"Maurolicus stehmanni","marine"
"Megalaspis cordyla","marine; brackish; reef-associated"
"Megalobrama amblycephala","freshwater; benthopelagic"
"Megalobrama terminalis","freshwater; benthopelagic"
"Megalocottus platycephalus","marine"
"Megalops atlanticus","marine; freshwater; brackish; reef-associated"
"Melanogrammus aeglefinus","marine"
"Melanotaenia fluviatilis","freshwater; benthopelagic"
"Mene maculata","marine; brackish; reef-associated"
"Menidia extensa","freshwater"
"Menidia menidia","marine; brackish"
"Menticirrhus americanus","marine; brackish"
"Menticirrhus saxatilis","marine; brackish"
"Menticirrhus undulatus","marine"
"Merlangius merlangus","marine; brackish; benthopelagic"
"Merluccius albidus","marine"
"Merluccius angustimanus","marine"
"Merluccius australis","marine; benthopelagic"
"Merluccius bilinearis","marine"
"Merluccius capensis","marine"
"Merluccius gayi gayi","marine; oceanodromous"
"Merluccius gayi peruanus","marine"
"Merluccius hubbsi","marine; benthopelagic"
"Merluccius merluccius","marine"
"Merluccius paradoxus","marine"
"Merluccius polli","marine"
"Merluccius productus","marine; brackish"
"Merluccius senegalensis","marine"
"Mesogobius batrachocephalus","freshwater; brackish"
"Metelectrona ventralis","marine"
"Micralestes acutidens","freshwater"
"Microchirus azevia","marine"
"Microchirus theophila","marine"
"Microchirus variegatus","marine"
"Microgobius thalassinus","marine"
"Micromesistius australis","marine; benthopelagic"
"Micromesistius poutassou","marine"
"Micrometrus aurora","marine"
"Microphysogobio amurensis","freshwater; benthopelagic"
"Micropogonias furnieri","marine; brackish"
"Micropogonias megalops","marine; brackish; benthopelagic"
"Micropogonias undulatus","marine; brackish"
"Micropterus dolomieu","freshwater"
"Micropterus salmoides","freshwater; benthopelagic"
"Microstomus achne","marine"
"Microstomus kitt","marine"
"Microstomus pacificus","marine"
"Miichthys miiuy","marine; brackish"
"Milyeringa veritas","freshwater; brackish"
"Mirogrex terraesanctae","freshwater"
"Misgurnus anguillicaudatus","freshwater"
"Misgurnus fossilis","freshwater; brackish"
"Mistichthys luzonensis","freshwater"
"Mobula japanica","marine"
"Moenkhausia dichroura","freshwater; benthopelagic"
"Mola mola","marine"
"Molva dypterygia","marine"
"Molva molva","marine"
"Monocentris reedi","marine"
"Monochirus hispidus","marine"
"Monopterus albus","freshwater; brackish"
"Moolgarda cunnesius","marine; freshwater; brackish"
"Moolgarda seheli","marine; freshwater; brackish; reef-associated"
"Mora moro","marine"
"Mormyrops anguilloides","freshwater"
"Mormyrus lacerda","freshwater"
"Mormyrus longirostris","freshwater"
"Mormyrus rume","freshwater"
"Morone americana","marine; freshwater; brackish"
"Morone chrysops","freshwater"
"Morone mississippiensis","freshwater"
"Morone saxatilis","marine; freshwater; brackish"
"Mugil cephalus","marine; freshwater; brackish; benthopelagic"
"Mugil curema","marine; freshwater; brackish; reef-associated"
"Mugil hospes","marine; brackish"
"Mugil incilis","marine; brackish"
"Mugil liza","marine; freshwater; brackish"
"Mugil trichodon","marine; freshwater; brackish"
"Mulloidichthys flavolineatus","marine; reef-associated"
"Mulloidichthys martinicus","marine; reef-associated"
"Mulloidichthys vanicolensis","marine; reef-associated"
"Mullus barbatus barbatus","marine"
"Mullus barbatus ponticus","marine"
"Mullus surmuletus","marine"
"Muraena augusti","marine"
"Muraena helena","marine; reef-associated"
"Mustelus antarcticus","marine"
"Mustelus asterias","marine"
"Mustelus californicus","marine"
"Mustelus canis","marine; brackish"
"Mustelus henlei","marine"
"Mustelus lenticulatus","marine"
"Mustelus manazo","marine"
"Mustelus mustelus","marine"
"Mustelus schmitti","marine"
"Mycteroperca bonaci","marine; reef-associated"
"Mycteroperca interstitialis","marine; reef-associated"
"Mycteroperca microlepis","marine; brackish; reef-associated"
"Mycteroperca olfax","marine"
"Mycteroperca phenax","marine; brackish; reef-associated"
"Mycteroperca rosacea","marine; reef-associated"
"Mycteroperca rubra","marine"
"Mycteroperca tigris","marine; reef-associated"
"Mycteroperca venenosa","marine; reef-associated"
"Myctophum nitidulum","marine"
"Myctophum punctatum","marine"
"Myleus rhomboidalis","freshwater"
"Myliobatis californica","marine"
"Mylochromis anaphyrmus","freshwater"
"Mylopharyngodon piceus","freshwater"
"Myoxocephalus brandtii","marine"
"Myoxocephalus jaok","marine"
"Myoxocephalus octodecemspinosus","marine; brackish"
"Myoxocephalus polyacanthocephalus","marine"
"Myoxocephalus quadricornis","marine; freshwater; brackish"
"Myoxocephalus scorpius","marine; brackish"
"Myoxocephalus stelleri","marine; brackish; reef-associated"
"Myripristis amaena","marine; reef-associated"
"Myripristis murdjan","marine; reef-associated"
"Mystus tengara","freshwater"
"Myxus elongatus","marine; freshwater; brackish; reef-associated"
"Nandus nandus","freshwater; brackish; benthopelagic"
"Nannatherina balstoni","freshwater; benthopelagic"
"Nannobrachium regale","marine"
"Nannobrachium ritteri","marine"
"Nannoperca vittata","freshwater"
"Naso annulatus","marine; reef-associated"
"Naso brachycentron","marine; reef-associated"
"Naso brevirostris","marine; reef-associated"
"Naso hexacanthus","marine; brackish; reef-associated"
"Naso lituratus","marine; reef-associated"
"Naso tuberosus","marine; brackish"
"Naso unicornis","marine; reef-associated"
"Naso vlamingii","marine; reef-associated"
"Naucrates ductor","marine; reef-associated"
"Negaprion brevirostris","marine; brackish; reef-associated"
"Nelusetta ayraud","marine"
"Nemacheilus spiniferus","freshwater"
"Nemacheilus triangularis","freshwater"
"Nemadactylus macropterus","marine"
"Nematabramis everetti","freshwater"
"Nematalosa nasus","marine; freshwater; brackish"
"Nematalosa vlaminghi","marine; brackish"
"Nemichthys scolopaceus","marine"
"Nemipterus balinensoides","marine; brackish"
"Nemipterus bathybius","marine"
"Nemipterus bipunctatus","marine"
"Nemipterus furcosus","marine; brackish; reef-associated"
"Nemipterus hexodon","marine"
"Nemipterus japonicus","marine"
"Nemipterus marginatus","marine"
"Nemipterus mesoprion","marine"
"Nemipterus nematophorus","marine"
"Nemipterus nemurus","marine"
"Nemipterus peronii","marine; brackish"
"Nemipterus randalli","marine"
"Nemipterus tambuloides","marine"
"Nemipterus thosaporni","marine"
"Nemipterus virgatus","marine"
"Nemipterus zysron","marine"
"Neobola stellae","freshwater"
"Neoceratodus forsteri","freshwater"
"Neogobius fluviatilis","freshwater; brackish"
"Neogobius melanostomus","marine; freshwater; brackish"
"Neoniphon sammara","marine; reef-associated"
"Neosalanx pseudotaihuensis","freshwater"
"Neosalanx taihuensis","freshwater"
"Neoscorpis lithophilus","marine"
"Neotrygon kuhlii","marine; reef-associated"
"Nerophis ophidion","marine; freshwater; brackish"
"Netuma thalassina","marine; freshwater; brackish"
"Nezumia aequalis","marine; benthopelagic"
"Nezumia bairdii","marine; benthopelagic"
"Nezumia sclerorhynchus","marine"
"Nezumia stelgidolepis","marine"
"Nibea albiflora","marine; benthopelagic"
"Nibea maculata","marine"
"Notarius troschelii","marine; brackish"
"Nothobranchius furzeri","freshwater; benthopelagic"
"Notolabrus celidotus","marine; brackish; reef-associated"
"Notolabrus fucicola","marine"
"Notolabrus parilus","marine"
"Notolychnus valdiviae","marine"
"Notorynchus cepedianus","marine; brackish"
"Notoscopelus elongatus","marine"
"Notoscopelus kroyeri","marine"
"Notothenia coriiceps","marine"
"Notothenia cyanobrancha","marine"
"Notothenia rossii","marine"
"Nototheniops larseni","marine; benthopelagic"
"Notropis atherinoides","freshwater"
"Novaculichthys taeniourus","marine; reef-associated"
"Nuchequula blochii","marine; brackish"
"Nuchequula gerreoides","marine; brackish"
"Nuchequula nuchalis","marine; brackish"
"Oblada melanura","marine; benthopelagic"
"Ocyurus chrysurus","marine; reef-associated"
"Odax pullus","marine"
"Odontesthes bonariensis","marine; freshwater; brackish"
"Odontesthes regia","marine; freshwater; brackish"
"Odontognathus mucronatus","marine; freshwater; brackish"
"Oedalechilus labeo","marine; brackish"
"Okamejei acutispina","marine"
"Okamejei hollandi","marine"
"Oligocottus maculosus","marine; brackish"
"Oncorhynchus aguabonita","freshwater"
"Oncorhynchus keta","marine; freshwater; brackish; benthopelagic"
"Oncorhynchus kisutch","marine; freshwater; brackish"
"Oncorhynchus masou masou","marine; freshwater; brackish; benthopelagic"
"Oncorhynchus mykiss","marine; freshwater; brackish; benthopelagic"
"Oncorhynchus nerka","marine; freshwater; brackish"
"Oneirodes acanthias","marine"
"Ophichthus zophochir","marine"
"Ophiodon elongatus","marine"
"Ophthalmolepis lineolata","marine; benthopelagic"
"Opisthonema libertate","marine"
"Opisthonema oglinum","marine; reef-associated"
"Opsanus beta","marine"
"Opsanus tau","marine; brackish; reef-associated"
"Orectolobus halei","marine"
"Orectolobus maculatus","marine; reef-associated"
"Orectolobus ornatus","marine; reef-associated"
"Oreochromis andersonii","freshwater; brackish; benthopelagic"
"Oreochromis aureus","freshwater; brackish; benthopelagic"
"Oreochromis esculentus","freshwater; benthopelagic"
"Oreochromis karongae","freshwater"
"Oreochromis leucostictus","freshwater; benthopelagic"
"Oreochromis lidole","freshwater; benthopelagic"
"Oreochromis macrochir","freshwater; benthopelagic"
"Oreochromis mortimeri","freshwater"
"Oreochromis mossambicus","freshwater; brackish; benthopelagic"
"Oreochromis niloticus","freshwater; brackish; benthopelagic"
"Oreochromis saka","freshwater"
"Oreochromis shiranus","freshwater; brackish"
"Oreochromis spilurus","freshwater; brackish"
"Oreochromis squamipinnis","freshwater"
"Oreochromis variabilis","freshwater; benthopelagic"
"Orthopristis reddingi","marine"
"Orthopristis ruber","marine; brackish"
"Oryzias latipes","freshwater; brackish; benthopelagic"
"Osmerus dentex","marine; freshwater; brackish"
"Osmerus eperlanus","marine; freshwater; brackish"
"Osmerus mordax","marine; freshwater; brackish"
"Osteochilus kahajanensis","freshwater"
"Osteochilus vittatus","freshwater; benthopelagic"
"Osteogeneiosus militaris","marine; freshwater; brackish"
"Ostorhinchus cyanosoma","marine; reef-associated"
"Othos dentex","marine; reef-associated"
"Otolithes cuvieri","marine"
"Otolithes ruber","marine; brackish; benthopelagic"
"Otolithoides biauritus","marine"
"Oxydoras kneri","freshwater"
"Oxyporhamphus micropterus","marine"
"Pachymetopon aeneum","marine"
"Pachymetopon blochii","marine"
"Pachymetopon grande","marine"
"Padogobius nigricans","freshwater"
"Pagellus acarne","marine; benthopelagic"
"Pagellus affinis","marine"
"Pagellus bellottii","marine"
"Pagellus bogaraveo","marine; benthopelagic"
"Pagellus erythrinus","marine; benthopelagic"
"Pagellus natalensis","marine"
"Pagothenia borchgrevinki","marine"
"Pagrus auratus","marine; brackish; reef-associated"
"Pagrus caeruleostictus","marine; brackish; benthopelagic"
"Pagrus major","marine"
"Pagrus pagrus","marine; benthopelagic"
"Palmoliparis beckeri","marine"
"Pampus argenteus","marine; benthopelagic"
"Pampus chinensis","marine; brackish; benthopelagic"
"Pangasius pangasius","freshwater; brackish; benthopelagic"
"Pangio kuhlii","freshwater"
"Pangio muraeniformis","freshwater; brackish"
"Papyrocranus afer","freshwater"
"Parablennius ruber","marine"
"Parabramis pekinensis","freshwater; benthopelagic"
"Paracaesio kusakarii","marine"
"Paracaesio stonei","marine"
"Paracanthobrama guichenoti","freshwater"
"Paracentropogon rubripinnis","marine"
"Paracottus knerii","freshwater; benthopelagic"
"Paracrossochilus acerus","freshwater"
"Parahucho perryi","marine; freshwater; brackish; benthopelagic"
"Parailia pellucida","freshwater"
"Parajulis poecilepterus","marine"
"Paralabrax auroguttatus","marine"
"Paralabrax clathratus","marine; benthopelagic"
"Paralabrax maculatofasciatus","marine; reef-associated"
"Paralichthys californicus","marine; brackish"
"Paralichthys dentatus","marine; brackish; oceanodromous"
"Paralichthys isosceles","marine"
"Paralichthys lethostigma","marine; brackish"
"Paralichthys olivaceus","marine"
"Paralichthys orbignyanus","marine; brackish"
"Paralichthys patagonicus","marine"
"Parambassis ranga","freshwater; brackish"
"Paramisgurnus dabryanus","freshwater"
"Paranotothenia magellanica","marine"
"Paranthias furcifer","marine; reef-associated"
"Parapercis colias","marine"
"Parapercis hexophtalma","marine; reef-associated"
"Parapristipoma trilineatum","marine; benthopelagic"
"Parargyrops edita","freshwater; brackish"
"Parascolopsis inermis","marine"
"Parastromateus niger","marine; brackish; reef-associated"
"Parexocoetus brachypterus","marine"
"Parma microlepis","marine; reef-associated"
"Parodon nasus","freshwater; benthopelagic"
"Parophrys vetulus","marine"
"Parupeneus barberinus","marine; reef-associated"
"Parupeneus chrysopleuron","marine"
"Parupeneus forsskali","marine; brackish; reef-associated"
"Parupeneus heptacanthus","marine; brackish; reef-associated"
"Parupeneus macronemus","marine; reef-associated"
"Parupeneus multifasciatus","marine; reef-associated"
"Parupeneus porphyreus","marine; reef-associated"
"Patagonotothen guntheri","marine; benthopelagic"
"Patagonotothen ramsayi","marine; benthopelagic"
"Pegusa impar","marine"
"Pegusa lascaris","marine; brackish"
"Pelates octolineatus","marine; brackish"
"Pelecus cultratus","freshwater; brackish"
"Pellona ditchela","marine; freshwater; brackish"
"Pellonula leonensis","marine; freshwater; brackish"
"Pelmatolapia mariae","freshwater; brackish"
"Pelteobagrus ussuriensis","freshwater"
"Pempheris adspersa","marine; reef-associated"
"Pennahia anea","marine"
"Pennahia argentata","marine; benthopelagic"
"Pennahia macrocephalus","marine"
"Pentaceros richardsoni","marine"
"Pentanemus quinquarius","marine; brackish"
"Pentaprion longimanus","marine; brackish"
"Peprilus burti","marine; benthopelagic"
"Peprilus triacanthus","marine; brackish; benthopelagic"
"Perca flavescens","freshwater; brackish; benthopelagic"
"Perca fluviatilis","freshwater; brackish"
"Perca schrenkii","freshwater"
"Perccottus glenii","freshwater; brackish"
"Percichthys trucha","freshwater"
"Percophis brasiliensis","marine"
"Percopsis omiscomaycus","freshwater"
"Percopsis transmontana","freshwater"
"Periophthalmus barbarus","marine; freshwater; brackish; reef-associated"
"Peristedion cataphractum","marine"
"Pethia ticto","freshwater; brackish; benthopelagic"
"Petrocephalus bovei","freshwater"
"Petrocephalus catostoma","freshwater"
"Petromyzon marinus","marine; freshwater; brackish"
"Petrus rupestris","marine; brackish"
"Pharyngochromis darlingi","freshwater"
"Pholis gunnellus","marine; brackish"
"Pholis nebulosa","marine"
"Photopectoralis bindus","marine; brackish"
"Phoxinus phoxinus","freshwater; brackish"
"Phycis blennoides","marine; benthopelagic"
"Phycis phycis","marine; benthopelagic"
"Phyllopteryx taeniolatus","marine; reef-associated"
"Piaractus brachypomus","freshwater"
"Pimelodus albicans","freshwater"
"Pimelodus blochii","freshwater; brackish; benthopelagic"
"Pimelodus grosskopfii","freshwater"
"Pimephales promelas","freshwater"
"Plagiogeneion rubiginosum","marine"
"Plagioscion squamosissimus","freshwater; benthopelagic"
"Plagioscion surinamensis","freshwater; brackish; benthopelagic"
"Platichthys flesus","marine; freshwater; brackish"
"Platichthys stellatus","marine; freshwater; brackish"
"Platycephalus bassensis","marine; brackish"
"Platycephalus caeruleopunctatus","marine; brackish"
"Platycephalus fuscus","marine; brackish"
"Platycephalus indicus","marine; brackish; reef-associated"
"Platycephalus richardsoni","marine"
"Platycephalus speculator","marine; brackish"
"Plectorhinchus gibbosus","marine; freshwater; brackish; reef-associated"
"Plectorhinchus lineatus","marine; reef-associated"
"Plectorhinchus mediterraneus","marine"
"Plectorhinchus pictus","marine; reef-associated"
"Plectorhinchus picus","marine; reef-associated"
"Plectorhinchus sordidus","marine; reef-associated"
"Plectropomus laevis","marine; reef-associated"
"Plectropomus leopardus","marine; reef-associated"
"Plectropomus maculatus","marine; reef-associated"
"Pleuragramma antarctica","marine"
"Pleurogrammus monopterygius","marine"
"Pleuronectes platessa","marine; brackish"
"Pleuronectes quadrituberculatus","marine"
"Pleuronichthys cornutus","marine"
"Plicofollis dussumieri","marine; freshwater; brackish"
"Plicofollis tenuispinis","marine; brackish"
"Plotosus lineatus","marine; brackish; reef-associated"
"Poecilia reticulata","freshwater; brackish; benthopelagic"
"Pogonias cromis","marine; brackish"
"Pollachius pollachius","marine; benthopelagic"
"Pollachius virens","marine"
"Polydactylus multiradiatus","marine; brackish"
"Polydactylus octonemus","marine"
"Polydactylus quadrifilis","marine; freshwater; brackish"
"Polydactylus sextarius","marine; brackish"
"Polymixia nobilis","marine"
"Polymixia yuri","marine"
"Polyodon spathula","freshwater"
"Polyprion americanus","marine"
"Polyprion oxygeneios","marine"
"Polypterus senegalus","freshwater"
"Polysteganus undulosus","marine; reef-associated"
"Pomacanthus maculosus","marine; reef-associated"
"Pomacanthus paru","marine; reef-associated"
"Pomacentrus moluccensis","marine; reef-associated"
"Pomacentrus wardi","marine; reef-associated"
"Pomadasys argenteus","marine; freshwater; brackish"
"Pomadasys argyreus","marine"
"Pomadasys commersonnii","marine; brackish; reef-associated"
"Pomadasys incisus","marine; brackish"
"Pomadasys jubelini","marine; freshwater; brackish"
"Pomadasys kaakan","marine; brackish; reef-associated"
"Pomadasys maculatus","marine; brackish; reef-associated"
"Pomadasys striatus","marine; benthopelagic"
"Pomatomus saltatrix","marine; brackish"
"Pomatoschistus lozanoi","marine; brackish"
"Pomatoschistus microps","marine; freshwater; brackish"
"Pomatoschistus minutus","marine; brackish"
"Pomoxis nigromaculatus","freshwater"
"Ponticola syrman","marine; brackish"
"Pontinus kuhlii","marine"
"Porichthys porosissimus","marine"
"Poromitra crassiceps","marine"
"Potamalosa richmondia","marine; freshwater; brackish"
"Potamotrygon motoro","freshwater; benthopelagic"
"Potamotrygon scobina","freshwater; benthopelagic"
"Priacanthus arenatus","marine; reef-associated"
"Priacanthus hamrur","marine; reef-associated"
"Priacanthus macracanthus","marine; reef-associated"
"Priacanthus tayenus","marine; reef-associated"
"Prionace glauca","marine; brackish"
"Prionotus albirostris","marine; reef-associated"
"Prionotus carolinus","marine; brackish"
"Prionotus evolans","marine; brackish; reef-associated"
"Prionotus nudigula","marine"
"Prionotus punctatus","marine; brackish"
"Prionotus stephanophrys","marine; brackish"
"Pristipomoides argyrogrammicus","marine; reef-associated"
"Pristipomoides auricilla","marine; benthopelagic"
"Pristipomoides filamentosus","marine; benthopelagic"
"Pristipomoides flavipinnis","marine; reef-associated"
"Pristipomoides multidens","marine"
"Pristipomoides sieboldii","marine; benthopelagic"
"Pristipomoides typus","marine"
"Pristipomoides zonatus","marine; benthopelagic"
"Pristis perotteti","marine; freshwater; brackish; benthopelagic"
"Pristolepis fasciata","freshwater"
"Pristotis obtusirostris","marine; reef-associated"
"Prochilodus brevis","freshwater"
"Prochilodus lineatus","freshwater; benthopelagic"
"Prochilodus magdalenae","freshwater"
"Prochilodus nigricans","freshwater; benthopelagic"
"Prochilodus reticulatus","freshwater; brackish; benthopelagic"
"Procypris rabaudi","freshwater"
"Proeutropiichthys taakree","freshwater"
"Promethichthys prometheus","marine; benthopelagic"
"Pronotogrammus martinicensis","marine"
"Prosopium abyssicola","freshwater"
"Prosopium coulterii","freshwater; benthopelagic"
"Prosopium cylindraceum","freshwater; brackish"
"Prosopium gemmifer","freshwater"
"Prosopium spilonotus","freshwater"
"Prosopium williamsoni","freshwater; benthopelagic"
"Protonibea diacanthus","marine; brackish"
"Protosalanx hyalocranius","marine; freshwater; brackish"
"Prototroctes maraena","marine; freshwater; brackish"
"Psenopsis anomala","marine; benthopelagic"
"Psettodes erumei","marine"
"Pseudanthias squamipinnis","marine; reef-associated"
"Pseudaphritis urvillii","marine; freshwater; brackish; benthopelagic"
"Pseudapocryptes elongatus","freshwater; brackish"
"Pseudaspius leptocephalus","freshwater"
"Pseudobalistes flavimarginatus","marine; brackish; reef-associated"
"Pseudobarbus afer","freshwater"
"Pseudobarbus asper","freshwater"
"Pseudobathylagus milleri","marine"
"Pseudobatos productus","marine; brackish"
"Pseudocaranx dentex","marine; brackish; reef-associated"
"Pseudochaenichthys georgianus","marine"
"Pseudochondrostoma polylepis","freshwater"
"Pseudocrenilabrus philander","freshwater; benthopelagic"
"Pseudocyttus maculatus","marine"
"Pseudophoxinus antalyae","freshwater; brackish"
"Pseudophycis bachus","marine; brackish"
"Pseudoplatystoma corruscans","freshwater"
"Pseudoplatystoma fasciatum","freshwater"
"Pseudoplatystoma magdaleniatum","freshwater"
"Pseudoplatystoma tigrinum","freshwater; brackish"
"Pseudopleuronectes americanus","marine"
"Pseudopleuronectes herzensteini","marine"
"Pseudopleuronectes yokohamae","marine"
"Pseudorasbora parva","freshwater; benthopelagic"
"Pseudorhombus arsius","marine; brackish"
"Pseudorhombus cinnamoneus","marine"
"Pseudorhombus elevatus","marine"
"Pseudorhombus javanicus","marine"
"Pseudoscaphirhynchus kaufmanni","freshwater; brackish"
"Pseudotolithus elongatus","marine; brackish"
"Pseudotolithus senegalensis","marine"
"Pseudotolithus typus","marine"
"Pseudotriakis microdon","marine"
"Pseudupeneus maculatus","marine; reef-associated"
"Pseudupeneus prayensis","marine"
"Pterapogon kauderni","marine"
"Pterocaesio pisang","marine; reef-associated"
"Pterodoras granulosus","freshwater"
"Pterogymnus laniarius","marine; benthopelagic"
"Pterois volitans","marine; reef-associated"
"Pteroplatytrygon violacea","marine"
"Ptychobarbus dipogon","freshwater"
"Ptychocheilus oregonensis","freshwater"
"Pungitius pungitius","marine; freshwater; brackish; benthopelagic"
"Puntius chola","freshwater; benthopelagic"
"Puntius dorsalis","freshwater"
"Puntius sophore","freshwater; brackish; benthopelagic"
"Pygocentrus nattereri","freshwater"
"Rachycentron canadum","marine; brackish; reef-associated"
"Raconda russeliana","marine; brackish"
"Raiamas moorii","freshwater; benthopelagic"
"Raja brachyura","marine"
"Raja clavata","marine"
"Raja eglanteria","marine; brackish"
"Raja microocellata","marine"
"Raja miraletus","marine; brackish"
"Raja montagui","marine"
"Raja rhina","marine"
"Raja stellulata","marine"
"Raja texana","marine"
"Raja undulata","marine"
"Rasbora bankanensis","freshwater"
"Rasbora daniconius","freshwater; brackish; benthopelagic"
"Rasbora dusonensis","freshwater; benthopelagic"
"Rasbora sumatrana","freshwater"
"Rastrelliger brachysoma","marine; brackish"
"Rastrelliger faughni","marine"
"Rastrelliger kanagurta","marine"
"Rastrineobola argentea","freshwater"
"Reinhardtius hippoglossoides","marine; benthopelagic"
"Retropinna semoni","freshwater; brackish"
"Rexea solandri","marine; benthopelagic"
"Rhabdamia gracilis","marine; reef-associated"
"Rhabdosargus globiceps","marine; brackish; benthopelagic"
"Rhabdosargus sarba","marine; brackish; reef-associated"
"Rhincodon typus","marine"
"Rhinecanthus aculeatus","marine; reef-associated"
"Rhinelepis aspera","freshwater"
"Rhinobatos annulatus","marine; brackish"
"Rhinobatos rhinobatos","marine; brackish"
"Rhinogobius cliffordpopei","freshwater"
"Rhinogobius giurinus","marine; freshwater; brackish"
"Rhizoprionodon acutus","marine; freshwater; brackish; benthopelagic"
"Rhizoprionodon porosus","marine; freshwater; brackish; reef-associated"
"Rhizoprionodon taylori","marine"
"Rhizoprionodon terraenovae","marine; brackish"
"Rhodeus amarus","freshwater; benthopelagic"
"Rhodeus ocellatus","freshwater; benthopelagic"
"Rhodeus sericeus","freshwater; benthopelagic"
"Rhomboplites aurorubens","marine"
"Rhombosolea leporina","marine"
"Rhombosolea plebeia","marine"
"Rhombosolea tapirina","marine; brackish"
"Rhynchocypris czekanowskii","freshwater; brackish"
"Rhynchocypris percnurus","freshwater; benthopelagic"
"Rhynchorhamphus georgii","marine; freshwater; brackish"
"Romanogobio tenuicorpus","freshwater"
"Roncador stearnsii","marine"
"Rondeletia loricata","marine"
"Rudarius ercodes","marine; reef-associated"
"Rutilus caspicus","freshwater; brackish"
"Rutilus frisii","freshwater; brackish; benthopelagic"
"Rutilus kutum","freshwater"
"Rutilus rutilus","freshwater; brackish; benthopelagic"
"Sabanejewia aurata","freshwater"
"Sabanejewia balcanica","freshwater; brackish"
"Sagamichthys abei","marine"
"Sahyadria denisonii","freshwater; benthopelagic"
"Salaria pavo","marine; brackish"
"Salminus brasiliensis","freshwater; benthopelagic"
"Salmo lourosensis","freshwater"
"Salmo obtusirostris","freshwater; benthopelagic"
"Salmo salar","marine; freshwater; brackish; benthopelagic"
"Salmo trutta","marine; freshwater; brackish"
"Salvelinus alpinus alpinus","marine; freshwater; brackish; benthopelagic"
"Salvelinus fontinalis","marine; freshwater; brackish; benthopelagic"
"Salvelinus leucomaenis leucomaenis","marine; freshwater; brackish; benthopelagic"
"Salvelinus malma","marine; freshwater; brackish; benthopelagic"
"Salvelinus namaycush","freshwater; benthopelagic"
"Sandelia bainsii","freshwater; benthopelagic"
"Sander canadensis","freshwater"
"Sander lucioperca","freshwater; brackish"
"Sander vitreus","freshwater; brackish"
"Sarcocheilichthys czerskii","freshwater"
"Sarcocheilichthys lacustris","freshwater"
"Sarda chiliensis","marine"
"Sarda lineolata","marine"
"Sarda orientalis","marine"
"Sarda sarda","marine; brackish"
"Sardina pilchardus","marine; freshwater; brackish"
"Sardinella albella","marine; reef-associated"
"Sardinella aurita","marine; brackish; reef-associated"
"Sardinella brasiliensis","marine; brackish; oceanodromous"
"Sardinella fimbriata","marine; brackish"
"Sardinella gibbosa","marine; reef-associated"
"Sardinella jussieu","marine"
"Sardinella lemuru","marine"
"Sardinella longiceps","marine"
"Sardinella maderensis","marine; brackish"
"Sardinella melanura","marine"
"Sardinella sindensis","marine"
"Sardinella tawilis","freshwater"
"Sardinella zunasi","marine"
"Sardinops sagax","marine"
"Sargocentron diadema","marine; reef-associated"
"Sargocentron microstoma","marine; reef-associated"
"Sargochromis carlottae","freshwater"
"Sargochromis codringtonii","freshwater"
"Sargochromis giardi","freshwater"
"Sargochromis mellandi","freshwater"
"Sarmarutilus rubilio","freshwater; benthopelagic"
"Sarotherodon galilaeus","freshwater; brackish"
"Sarotherodon melanotheron","marine; freshwater; brackish"
"Sarpa salpa","marine; brackish; benthopelagic"
"Satanoperca pappaterra","freshwater; benthopelagic"
"Saurida elongata","marine"
"Saurida longimanus","marine"
"Saurida micropectoralis","marine"
"Saurida tumbil","marine; reef-associated"
"Saurida undosquamis","marine; reef-associated"
"Saurogobio dabryi","freshwater; benthopelagic"
"Scaphirhynchus albus","freshwater"
"Scaphirhynchus platorynchus","freshwater"
"Scardinius acarnanicus","freshwater"
"Scardinius erythrophthalmus","freshwater; brackish; benthopelagic"
"Scarus altipinnis","marine; reef-associated"
"Scarus chameleon","marine; reef-associated"
"Scarus coeruleus","marine; reef-associated"
"Scarus ferrugineus","marine; reef-associated"
"Scarus frenatus","marine; reef-associated"
"Scarus ghobban","marine; brackish; reef-associated"
"Scarus guacamaia","marine; reef-associated"
"Scarus iseri","marine; reef-associated"
"Scarus niger","marine; reef-associated"
"Scarus psittacus","marine; reef-associated"
"Scarus rivulatus","marine; reef-associated"
"Scarus rubroviolaceus","marine; reef-associated"
"Scarus scaber","marine; reef-associated"
"Scarus schlegeli","marine; reef-associated"
"Scarus vetula","marine; reef-associated"
"Scatophagus argus","marine; freshwater; brackish; reef-associated"
"Schilbe intermedius","freshwater"
"Schilbe mandibularis","freshwater"
"Schilbe mystus","freshwater"
"Schilbe uranoscopus","freshwater"
"Schizopygopsis younghusbandi","freshwater"
"Sciades couma","freshwater; brackish"
"Sciades parkeri","marine; brackish"
"Sciades proops","marine; freshwater; brackish"
"Sciades sona","marine; brackish"
"Sciaena umbra","marine; brackish"
"Sciaenops ocellatus","marine; brackish"
"Scoliodon laticaudus","marine; brackish"
"Scolopsis lineata","marine; reef-associated"
"Scolopsis taeniata","marine; reef-associated"
"Scolopsis taenioptera","marine"
"Scomber australasicus","marine"
"Scomber colias","marine; brackish"
"Scomber japonicus","marine"
"Scomber scombrus","marine; brackish"
"Scomberesox saurus","marine"
"Scomberoides lysan","marine; brackish; reef-associated"
"Scomberomorus brasiliensis","marine; reef-associated"
"Scomberomorus cavalla","marine; reef-associated"
"Scomberomorus commerson","marine"
"Scomberomorus guttatus","marine; brackish"
"Scomberomorus lineolatus","marine"
"Scomberomorus maculatus","marine"
"Scomberomorus munroi","marine"
"Scomberomorus niphonius","marine"
"Scomberomorus plurilineatus","marine"
"Scomberomorus queenslandicus","marine; brackish"
"Scomberomorus regalis","marine; reef-associated"
"Scomberomorus semifasciatus","marine; brackish"
"Scomberomorus sierra","marine"
"Scomberomorus tritor","marine; brackish"
"Scombrops boops","marine; benthopelagic"
"Scombrops gilberti","marine"
"Scopelengys tristis","marine"
"Scopelosaurus harryi","marine"
"Scophthalmus aquosus","marine"
"Scophthalmus maximus","marine; brackish"
"Scophthalmus rhombus","marine"
"Scorpaena cardinalis","marine; reef-associated"
"Scorpaena guttata","marine"
"Scorpaena loppei","marine"
"Scorpaena maderensis","marine; brackish"
"Scorpaena notata","marine"
"Scorpaena porcus","marine"
"Scorpaena scrofa","marine; brackish"
"Scorpaenichthys marmoratus","marine"
"Scorpis aequipinnis","marine"
"Scorpis lineolata","marine; brackish; reef-associated"
"Scyliorhinus canicula","marine"
"Sebastes aleutianus","marine"
"Sebastes alutus","marine"
"Sebastes borealis","marine"
"Sebastes brevispinis","marine"
"Sebastes caurinus","marine"
"Sebastes constellatus","marine; reef-associated"
"Sebastes crameri","marine"
"Sebastes elongatus","marine"
"Sebastes emphaeus","marine; reef-associated"
"Sebastes fasciatus","marine"
"Sebastes flavidus","marine; reef-associated"
"Sebastes goodei","marine; brackish"
"Sebastes hopkinsi","marine; reef-associated"
"Sebastes inermis","marine"
"Sebastes jordani","marine"
"Sebastes levis","marine"
"Sebastes melanops","marine; reef-associated"
"Sebastes melanostomus","marine"
"Sebastes mentella","marine"
"Sebastes minor","marine"
"Sebastes mystinus","marine; reef-associated"
"Sebastes norvegicus","marine"
"Sebastes ovalis","marine"
"Sebastes pachycephalus","marine"
"Sebastes paucispinis","marine; reef-associated"
"Sebastes pinniger","marine"
"Sebastes polyspinis","marine"
"Sebastes proriger","marine"
"Sebastes reedi","marine"
"Sebastes rosenblatti","marine"
"Sebastes ruberrimus","marine; reef-associated"
"Sebastes saxicola","marine"
"Sebastes schlegelii","marine"
"Sebastes semicinctus","marine"
"Sebastes serranoides","marine; reef-associated"
"Sebastes steindachneri","marine"
"Sebastes taczanowskii","marine; brackish"
"Sebastes variabilis","marine"
"Sebastes variegatus","marine"
"Sebastes viviparus","marine"
"Sebastes zacentrus","marine"
"Sebastiscus marmoratus","marine"
"Sebastolobus alascanus","marine"
"Sebastolobus altivelis","marine"
"Sebastolobus macrochir","marine"
"Secutor insidiator","marine; brackish"
"Secutor ruconius","marine; freshwater; brackish"
"Selar boops","marine; reef-associated"
"Selar crumenophthalmus","marine; reef-associated"
"Selaroides leptolepis","marine; brackish; reef-associated"
"Selene brownii","marine"
"Selene dorsalis","marine; brackish"
"Selene setapinnis","marine; brackish; benthopelagic"
"Semotilus atromaculatus","freshwater"
"Seriola dumerili","marine; reef-associated"
"Seriola lalandi","marine; brackish; benthopelagic"
"Seriola quinqueradiata","marine"
"Seriolella brama","marine; brackish; benthopelagic"
"Seriolella porosa","marine"
"Seriolella punctata","marine; brackish; benthopelagic"
"Serranochromis angusticeps","freshwater"
"Serranochromis macrocephalus","freshwater"
"Serranochromis robustus","freshwater"
"Serranus atricauda","marine"
"Serranus cabrilla","marine"
"Serranus hepatus","marine"
"Serranus scriba","marine"
"Serranus subligarius","marine"
"Serrivomer sector","marine"
"Setipinna phasa","freshwater; brackish"
"Setipinna taty","marine; brackish"
"Siganus argenteus","marine; reef-associated"
"Siganus canaliculatus","marine; brackish; reef-associated"
"Siganus fuscescens","marine; brackish; reef-associated"
"Siganus guttatus","marine; brackish; reef-associated"
"Siganus lineatus","marine; reef-associated"
"Siganus luridus","marine; reef-associated"
"Siganus rivulatus","marine; brackish; reef-associated"
"Siganus spinus","marine; reef-associated"
"Siganus sutor","marine; brackish; reef-associated"
"Siganus vermiculatus","marine; brackish; reef-associated"
"Sillaginodes punctatus","marine; brackish"
"Sillaginopsis panijus","marine; freshwater; brackish"
"Sillago analis","marine; brackish"
"Sillago bassensis","marine"
"Sillago burrus","marine; oceanodromous"
"Sillago ciliata","marine; brackish"
"Sillago flindersi","marine"
"Sillago robusta","marine"
"Sillago schomburgkii","marine; brackish"
"Sillago sihama","marine; brackish; reef-associated"
"Sillago vittata","marine"
"Silurus aristotelis","freshwater"
"Silurus asotus","freshwater"
"Silurus glanis","freshwater; brackish; benthopelagic"
"Silurus triostegus","freshwater"
"Siniperca chuatsi","freshwater; benthopelagic"
"Siniperca knerii","freshwater; brackish"
"Siphateles bicolor","freshwater"
"Solea aegyptiaca","marine; brackish"
"Solea senegalensis","marine"
"Solea solea","marine; brackish"
"Somniosus microcephalus","marine; brackish; benthopelagic"
"Sorubim lima","freshwater"
"Sparidentex hasta","marine; brackish"
"Sparisoma atomarium","marine; reef-associated"
"Sparisoma aurofrenatum","marine; reef-associated"
"Sparisoma chrysopterum","marine; reef-associated"
"Sparisoma cretense","marine; reef-associated"
"Sparisoma frondosum","marine; reef-associated"
"Sparisoma rubripinne","marine; reef-associated"
"Sparisoma strigatum","marine"
"Sparisoma viride","marine; reef-associated"
"Sparodon durbanensis","marine"
"Sparus aurata","marine; brackish"
"Sperata aor","freshwater"
"Sphoeroides maculatus","marine; brackish"
"Sphoeroides testudineus","marine; brackish; reef-associated"
"Sphyraena argentea","marine"
"Sphyraena barracuda","marine; brackish; reef-associated"
"Sphyraena chrysotaenia","marine"
"Sphyraena flavicauda","marine; reef-associated"
"Sphyraena jello","marine; brackish; reef-associated"
"Sphyraena obtusata","marine; brackish; reef-associated"
"Sphyraena pinguis","marine"
"Sphyraena putnamae","marine; reef-associated"
"Sphyraena sphyraena","marine"
"Sphyraena viridensis","marine"
"Sphyrna lewini","marine; brackish"
"Sphyrna tiburo","marine; brackish; reef-associated"
"Spicara maena","marine"
"Spicara smaris","marine"
"Spinachia spinachia","marine; brackish; benthopelagic"
"Spirinchus thaleichthys","marine; freshwater; brackish; benthopelagic"
"Spondyliosoma cantharus","marine; benthopelagic"
"Spratelloides delicatulus","marine; reef-associated"
"Spratelloides gracilis","marine"
"Spratelloides lewisi","marine"
"Sprattus fuegensis","marine"
"Sprattus sprattus","marine; brackish"
"Squalidus chankaensis","freshwater; benthopelagic"
"Squaliobarbus curriculus","freshwater"
"Squalius cephalus","freshwater; brackish; benthopelagic"
"Squalius pyrenaicus","freshwater"
"Squalius svallize","freshwater"
"Squalus acanthias","marine; brackish; benthopelagic"
"Squalus blainville","marine; brackish"
"Squalus megalops","marine"
"Squalus suckleyi","marine; brackish; benthopelagic"
"Squatina californica","marine"
"Stegastes nigricans","marine; reef-associated"
"Stegastes planifrons","marine; reef-associated"
"Stenobrachius leucopsarus","marine"
"Stenobrachius nannochir","marine"
"Stenodus leucichthys","marine; freshwater; brackish"
"Stenotomus chrysops","marine"
"Stephanolepis hispidus","marine; reef-associated"
"Stethojulis albovittata","marine; reef-associated"
"Stethojulis trilineata","marine; reef-associated"
"Stichaeus grigorjewi","marine"
"Stichaeus nozawae","marine"
"Stichaeus punctatus punctatus","marine"
"Stolephorus carpentariae","marine; brackish"
"Stolephorus commersonnii","marine; brackish"
"Stolephorus indicus","marine; brackish; oceanodromous"
"Stolephorus insularis","marine; brackish; reef-associated"
"Stolephorus nelsoni","marine"
"Stolephorus tri","marine; brackish"
"Stolephorus waitei","marine; freshwater; brackish"
"Stolothrissa tanganicae","freshwater"
"Stomias atriventer","marine"
"Strophidon sathete","marine; freshwater; brackish; reef-associated"
"Syacium gunteri","marine; brackish; reef-associated"
"Symbolophorus californiensis","marine"
"Symphodus cinereus","marine; brackish"
"Symphodus mediterraneus","marine"
"Symphodus melops","marine; reef-associated"
"Symphodus ocellatus","marine; reef-associated"
"Symphodus roissali","marine; brackish; reef-associated"
"Symphodus rostratus","marine; reef-associated"
"Symphodus tinca","marine; brackish; reef-associated"
"Symphorus nematophorus","marine; reef-associated"
"Symphurus ligulatus","marine"
"Symphurus plagiusa","marine; brackish"
"Synapturichthys kleinii","marine; brackish"
"Syngnathoides biaculeatus","marine; reef-associated"
"Syngnathus rostellatus","marine; brackish"
"Syngnathus typhle","marine; brackish"
"Synodontis afrofischeri","freshwater; benthopelagic"
"Synodontis bastiani","freshwater; benthopelagic"
"Synodontis batensoda","freshwater; benthopelagic"
"Synodontis budgetti","freshwater; benthopelagic"
"Synodontis clarias","freshwater; benthopelagic"
"Synodontis membranaceus","freshwater; benthopelagic"
"Synodontis nigromaculatus","freshwater; benthopelagic"
"Synodontis resupinatus","freshwater"
"Synodontis schall","freshwater; benthopelagic"
"Synodontis victoriae","freshwater; benthopelagic"
"Synodus hoshinonis","marine; brackish"
"Synodus myops","marine; reef-associated"
"Synodus saurus","marine"
"Synodus variegatus","marine; reef-associated"
"Systomus sarana","freshwater; brackish; benthopelagic"
"Tactostoma macropus","marine"
"Takifugu rubripes","marine; freshwater; brackish"
"Tanakius kitaharae","marine"
"Tandanus tandanus","freshwater"
"Taurulus bubalis","marine; brackish"
"Tautoga onitis","marine; brackish; reef-associated"
"Tautogolabrus adspersus","marine; reef-associated"
"Teixeirichthys jordani","marine; reef-associated"
"Telestes pleurobipunctatus","freshwater"
"Tentoriceps cristatus","marine; benthopelagic"
"Tenualosa ilisha","marine; freshwater; brackish"
"Tenualosa reevesii","marine; freshwater; brackish"
"Tenualosa toli","marine; freshwater; brackish"
"Terapon jarbua","marine; freshwater; brackish"
"Terapon theraps","marine; freshwater; brackish; reef-associated"
"Tetragonurus cuvieri","marine"
"Tetronarce californica","marine"
"Thalassoma bifasciatum","marine; reef-associated"
"Thalassoma hardwicke","marine; reef-associated"
"Thaleichthys pacificus","marine; freshwater; brackish"
"Thamnaconus hypargyreus","marine"
"Thorogobius ephippiatus","marine"
"Thryssa aestuaria","marine; brackish"
"Thryssa hamiltonii","marine; brackish"
"Thryssa kammalensis","marine; brackish"
"Thryssa mystax","marine; brackish"
"Thryssa setirostris","marine; brackish"
"Thryssa vitrirostris","marine; brackish"
"Thunnus alalunga","marine"
"Thunnus albacares","marine; brackish"
"Thunnus atlanticus","marine"
"Thunnus maccoyii","marine"
"Thunnus obesus","marine"
"Thunnus orientalis","marine; brackish"
"Thunnus thynnus","marine; brackish"
"Thunnus tonggol","marine"
"Thymallus arcticus","freshwater; benthopelagic"
"Thymallus brevirostris","freshwater"
"Thymallus thymallus","freshwater; brackish; benthopelagic"
"Thymallus tugarinae","freshwater"
"Thyrsites atun","marine; brackish; benthopelagic; oceanodromous"
"Thyrsitops lepidopoides","marine; benthopelagic"
"Tilapia brevimanus","freshwater"
"Tilapia sparrmanii","freshwater; benthopelagic"
"Tinca tinca","freshwater; brackish"
"Tor khudree","freshwater"
"Tor putitora","freshwater; benthopelagic"
"Tor tor","freshwater; benthopelagic"
"Torpedo torpedo","marine"
"Totoaba macdonaldi","marine; brackish; benthopelagic"
"Toxabramis swinhonis","freshwater"
"Toxotes chatareus","freshwater; brackish"
"Trachinotus falcatus","marine; brackish; reef-associated"
"Trachinotus marginatus","marine"
"Trachipterus arcticus","marine"
"Trachurus capensis","marine"
"Trachurus declivis","marine; brackish; benthopelagic"
"Trachurus indicus","marine; reef-associated"
"Trachurus japonicus","marine"
"Trachurus lathami","marine; reef-associated"
"Trachurus mediterraneus","marine; brackish"
"Trachurus murphyi","marine"
"Trachurus novaezelandiae","marine; brackish"
"Trachurus picturatus","marine; benthopelagic"
"Trachurus symmetricus","marine"
"Trachurus trachurus","marine"
"Trachurus trecae","marine; brackish; benthopelagic"
"Trachyrincus scabrus","marine"
"Trematomus bernacchii","marine"
"Trematomus eulepidotus","marine"
"Trematomus hansoni","marine"
"Trematomus lepidorhinus","marine"
"Trematomus loennbergii","marine"
"Trematomus newnesi","marine"
"Trematomus nicolai","marine"
"Trematomus pennellii","marine"
"Trematomus scotti","marine"
"Triacanthus biaculeatus","marine; brackish"
"Triakis scyllium","marine; brackish"
"Triakis semifasciata","marine; brackish"
"Trichiurus lepturus","marine; brackish; benthopelagic"
"Trichiurus nanhaiensis","marine"
"Trichogaster fasciata","freshwater; benthopelagic"
"Trichomycterus itacarambiensis","freshwater"
"Trigla lyra","marine"
"Triglops forficatus","marine"
"Triglops pingelii","marine"
"Triglops scepticus","marine"
"Trinectes maculatus","marine; freshwater; brackish"
"Triphoturus mexicanus","marine"
"Triportheus albus","freshwater; benthopelagic"
"Triportheus auritus","freshwater"
"Triso dermopterus","marine"
"Trisopterus esmarkii","marine; benthopelagic"
"Trisopterus luscus","marine; brackish; benthopelagic"
"Trisopterus minutus","marine; benthopelagic"
"Tristramella simonis","freshwater"
"Tropheus moorii","freshwater; benthopelagic"
"Tylochromis bangwelensis","freshwater"
"Tylochromis jentinki","freshwater; brackish"
"Typhlichthys subterraneus","freshwater"
"Ulvaria subbifurcata","marine"
"Umbra krameri","freshwater; benthopelagic"
"Umbra limi","freshwater"
"Umbra pygmaea","freshwater"
"Umbrina canariensis","marine"
"Umbrina canosai","marine; brackish"
"Umbrina cirrosa","marine"
"Umbrina coroides","marine; brackish"
"Umbrina roncador","marine"
"Umbrina ronchus","marine"
"Upeneus heemstra","marine"
"Upeneus japonicus","marine; reef-associated"
"Upeneus luzonius","marine"
"Upeneus moluccensis","marine; brackish; reef-associated"
"Upeneus pori","marine"
"Upeneus sulphureus","marine; brackish"
"Upeneus taeniopterus","marine; reef-associated"
"Upeneus tragula","marine; brackish; reef-associated"
"Upeneus vittatus","marine; brackish; reef-associated"
"Uranoscopus scaber","marine"
"Uraspis helvola","marine; reef-associated"
"Urolophus halleri","marine"
"Urophycis brasiliensis","marine"
"Urophycis chuss","marine"
"Urophycis cirrata","marine"
"Urophycis mystacea","marine"
"Urophycis tenuis","marine"
"Valamugil buchanani","marine; freshwater; brackish"
"Variola albimarginata","marine; reef-associated"
"Variola louti","marine; reef-associated"
"Verasper moseri","marine"
"Verasper variegatus","marine"
"Vimba vimba","freshwater; brackish; benthopelagic"
"Vinciguerria nimbaria","marine"
"Wallago attu","freshwater; brackish"
"Wattsia mossambica","marine; reef-associated"
"Xeneretmus latifrons","marine"
"Xenocypris davidi","freshwater; brackish"
"Xenocypris macrolepis","freshwater"
"Xiphias gladius","marine"
"Xiphocheilus typus","marine; brackish; reef-associated"
"Xyrichtys novacula","marine; reef-associated"
"Xystreurys rasile","marine"
"Zalieutes elater","marine"
"Zaniolepis frenata","marine"
"Zaprora silenus","marine"
"Zearaja chilensis","marine"
"Zearaja nasuta","marine"
"Zebrasoma flavescens","marine; reef-associated"
"Zebrasoma scopas","marine; reef-associated"
"Zebrasoma velifer","marine; reef-associated"
"Zenopsis nebulosa","marine; benthopelagic"
"Zeus faber","marine; brackish; benthopelagic"
"Zoarces americanus","marine; brackish"
"Zoarces viviparus","marine; brackish"
"Zosterisessor ophiocephalus","marine; brackish"
